Contest,Precinct,Candidate/Choice,Votes,ContestKey
DEM Governor,Acme Twp Pct 1,Jocelyn Benson,494,0006
DEM Governor,Acme Twp Pct 1,Christopher Robert Swanson,91,0006
DEM Governor,Acme Twp Pct 1,Write-in,0,0006
DEM Governor,Acme Twp Pct 2,Jocelyn Benson,312,0006
DEM Governor,Acme Twp Pct 2,Christopher Robert Swanson,39,0006
DEM Governor,Acme Twp Pct 2,Write-in,0,0006
DEM Governor,Blair Twp Pct 1,Jocelyn Benson,321,0006
DEM Governor,Blair Twp Pct 1,Christopher Robert Swanson,75,0006
DEM Governor,Blair Twp Pct 1,Write-in,2,0006
DEM Governor,Blair Twp Pct 2,Jocelyn Benson,276,0006
DEM Governor,Blair Twp Pct 2,Christopher Robert Swanson,57,0006
DEM Governor,Blair Twp Pct 2,Write-in,1,0006
DEM Governor,Blair Twp Pct 3,Jocelyn Benson,240,0006
DEM Governor,Blair Twp Pct 3,Christopher Robert Swanson,44,0006
DEM Governor,Blair Twp Pct 3,Write-in,0,0006
DEM Governor,East Bay Twp Pct 1,Jocelyn Benson,390,0006
DEM Governor,East Bay Twp Pct 1,Christopher Robert Swanson,79,0006
DEM Governor,East Bay Twp Pct 1,Write-in,0,0006
DEM Governor,East Bay Twp Pct 4,Jocelyn Benson,428,0006
DEM Governor,East Bay Twp Pct 4,Christopher Robert Swanson,77,0006
DEM Governor,East Bay Twp Pct 4,Write-in,0,0006
DEM Governor,East Bay Twp Pct 5,Jocelyn Benson,323,0006
DEM Governor,East Bay Twp Pct 5,Christopher Robert Swanson,69,0006
DEM Governor,East Bay Twp Pct 5,Write-in,0,0006
DEM Governor,East Bay Twp Pct 6,Jocelyn Benson,764,0006
DEM Governor,East Bay Twp Pct 6,Christopher Robert Swanson,124,0006
DEM Governor,East Bay Twp Pct 6,Write-in,0,0006
DEM Governor,Fife Lake Twp Pct 1,Jocelyn Benson,159,0006
DEM Governor,Fife Lake Twp Pct 1,Christopher Robert Swanson,37,0006
DEM Governor,Fife Lake Twp Pct 1,Write-in,0,0006
DEM Governor,Garfield Twp Pct 1,Jocelyn Benson,420,0006
DEM Governor,Garfield Twp Pct 1,Christopher Robert Swanson,58,0006
DEM Governor,Garfield Twp Pct 1,Write-in,0,0006
DEM Governor,Garfield Twp Pct 2,Jocelyn Benson,581,0006
DEM Governor,Garfield Twp Pct 2,Christopher Robert Swanson,84,0006
DEM Governor,Garfield Twp Pct 2,Write-in,4,0006
DEM Governor,Garfield Twp Pct 3,Jocelyn Benson,309,0006
DEM Governor,Garfield Twp Pct 3,Christopher Robert Swanson,61,0006
DEM Governor,Garfield Twp Pct 3,Write-in,0,0006
DEM Governor,Garfield Twp Pct 4,Jocelyn Benson,427,0006
DEM Governor,Garfield Twp Pct 4,Christopher Robert Swanson,81,0006
DEM Governor,Garfield Twp Pct 4,Write-in,0,0006
DEM Governor,Garfield Twp Pct 5,Jocelyn Benson,730,0006
DEM Governor,Garfield Twp Pct 5,Christopher Robert Swanson,92,0006
DEM Governor,Garfield Twp Pct 5,Write-in,1,0006
DEM Governor,Garfield Twp Pct 6,Jocelyn Benson,404,0006
DEM Governor,Garfield Twp Pct 6,Christopher Robert Swanson,62,0006
DEM Governor,Garfield Twp Pct 6,Write-in,1,0006
DEM Governor,Garfield Twp Pct 7,Jocelyn Benson,233,0006
DEM Governor,Garfield Twp Pct 7,Christopher Robert Swanson,39,0006
DEM Governor,Garfield Twp Pct 7,Write-in,1,0006
DEM Governor,Grant Twp Pct 1,Jocelyn Benson,118,0006
DEM Governor,Grant Twp Pct 1,Christopher Robert Swanson,24,0006
DEM Governor,Grant Twp Pct 1,Write-in,0,0006
DEM Governor,Green Lake Twp Pct 1,Jocelyn Benson,371,0006
DEM Governor,Green Lake Twp Pct 1,Christopher Robert Swanson,63,0006
DEM Governor,Green Lake Twp Pct 1,Write-in,0,0006
DEM Governor,Green Lake Twp Pct 2,Jocelyn Benson,298,0006
DEM Governor,Green Lake Twp Pct 2,Christopher Robert Swanson,52,0006
DEM Governor,Green Lake Twp Pct 2,Write-in,0,0006
DEM Governor,Green Lake Twp Pct 3,Jocelyn Benson,280,0006
DEM Governor,Green Lake Twp Pct 3,Christopher Robert Swanson,38,0006
DEM Governor,Green Lake Twp Pct 3,Write-in,0,0006
DEM Governor,Long Lake Twp Pct 1,Jocelyn Benson,839,0006
DEM Governor,Long Lake Twp Pct 1,Christopher Robert Swanson,124,0006
DEM Governor,Long Lake Twp Pct 1,Write-in,0,0006
DEM Governor,Long Lake Twp Pct 2,Jocelyn Benson,827,0006
DEM Governor,Long Lake Twp Pct 2,Christopher Robert Swanson,119,0006
DEM Governor,Long Lake Twp Pct 2,Write-in,3,0006
DEM Governor,Mayfield Twp Pct 1,Jocelyn Benson,118,0006
DEM Governor,Mayfield Twp Pct 1,Christopher Robert Swanson,32,0006
DEM Governor,Mayfield Twp Pct 1,Write-in,0,0006
DEM Governor,Paradise Twp Pct 1,Jocelyn Benson,242,0006
DEM Governor,Paradise Twp Pct 1,Christopher Robert Swanson,44,0006
DEM Governor,Paradise Twp Pct 1,Write-in,0,0006
DEM Governor,Paradise Twp Pct 2,Jocelyn Benson,188,0006
DEM Governor,Paradise Twp Pct 2,Christopher Robert Swanson,30,0006
DEM Governor,Paradise Twp Pct 2,Write-in,1,0006
DEM Governor,Peninsula Twp Pct 1,Jocelyn Benson,767,0006
DEM Governor,Peninsula Twp Pct 1,Christopher Robert Swanson,67,0006
DEM Governor,Peninsula Twp Pct 1,Write-in,1,0006
DEM Governor,Peninsula Twp Pct 2,Jocelyn Benson,787,0006
DEM Governor,Peninsula Twp Pct 2,Christopher Robert Swanson,98,0006
DEM Governor,Peninsula Twp Pct 2,Write-in,1,0006
DEM Governor,Union Twp Pct 1,Jocelyn Benson,55,0006
DEM Governor,Union Twp Pct 1,Christopher Robert Swanson,10,0006
DEM Governor,Union Twp Pct 1,Write-in,0,0006
DEM Governor,Whitewater Twp Pct 1,Jocelyn Benson,413,0006
DEM Governor,Whitewater Twp Pct 1,Christopher Robert Swanson,56,0006
DEM Governor,Whitewater Twp Pct 1,Write-in,0,0006
DEM Governor,Traverse City Pct 1,Jocelyn Benson,690,0006
DEM Governor,Traverse City Pct 1,Christopher Robert Swanson,90,0006
DEM Governor,Traverse City Pct 1,Write-in,1,0006
DEM Governor,Traverse City Pct 3,Jocelyn Benson,697,0006
DEM Governor,Traverse City Pct 3,Christopher Robert Swanson,97,0006
DEM Governor,Traverse City Pct 3,Write-in,3,0006
DEM Governor,Traverse City Pct 7,Jocelyn Benson,516,0006
DEM Governor,Traverse City Pct 7,Christopher Robert Swanson,108,0006
DEM Governor,Traverse City Pct 7,Write-in,0,0006
DEM Governor,Traverse City Pct 8,Jocelyn Benson,599,0006
DEM Governor,Traverse City Pct 8,Christopher Robert Swanson,98,0006
DEM Governor,Traverse City Pct 8,Write-in,2,0006
DEM Governor,Traverse City Pct 9,Jocelyn Benson,577,0006
DEM Governor,Traverse City Pct 9,Christopher Robert Swanson,69,0006
DEM Governor,Traverse City Pct 9,Write-in,0,0006
DEM Governor,Traverse City Pct 10,Jocelyn Benson,615,0006
DEM Governor,Traverse City Pct 10,Christopher Robert Swanson,112,0006
DEM Governor,Traverse City Pct 10,Write-in,2,0006
DEM United States Senator,Acme Twp Pct 1,Abdul El-Sayed,339,0007
DEM United States Senator,Acme Twp Pct 1,Haley Stevens,235,0007
DEM United States Senator,Acme Twp Pct 1,Mallory McMorrow,15,0007
DEM United States Senator,Acme Twp Pct 1,Write-in,0,0007
DEM United States Senator,Acme Twp Pct 2,Abdul El-Sayed,201,0007
DEM United States Senator,Acme Twp Pct 2,Haley Stevens,135,0007
DEM United States Senator,Acme Twp Pct 2,Mallory McMorrow,15,0007
DEM United States Senator,Acme Twp Pct 2,Write-in,0,0007
DEM United States Senator,Blair Twp Pct 1,Abdul El-Sayed,245,0007
DEM United States Senator,Blair Twp Pct 1,Haley Stevens,142,0007
DEM United States Senator,Blair Twp Pct 1,Mallory McMorrow,15,0007
DEM United States Senator,Blair Twp Pct 1,Write-in,1,0007
DEM United States Senator,Blair Twp Pct 2,Abdul El-Sayed,178,0007
DEM United States Senator,Blair Twp Pct 2,Haley Stevens,131,0007
DEM United States Senator,Blair Twp Pct 2,Mallory McMorrow,26,0007
DEM United States Senator,Blair Twp Pct 2,Write-in,0,0007
DEM United States Senator,Blair Twp Pct 3,Abdul El-Sayed,145,0007
DEM United States Senator,Blair Twp Pct 3,Haley Stevens,124,0007
DEM United States Senator,Blair Twp Pct 3,Mallory McMorrow,16,0007
DEM United States Senator,Blair Twp Pct 3,Write-in,0,0007
DEM United States Senator,East Bay Twp Pct 1,Abdul El-Sayed,284,0007
DEM United States Senator,East Bay Twp Pct 1,Haley Stevens,180,0007
DEM United States Senator,East Bay Twp Pct 1,Mallory McMorrow,14,0007
DEM United States Senator,East Bay Twp Pct 1,Write-in,0,0007
DEM United States Senator,East Bay Twp Pct 4,Abdul El-Sayed,338,0007
DEM United States Senator,East Bay Twp Pct 4,Haley Stevens,159,0007
DEM United States Senator,East Bay Twp Pct 4,Mallory McMorrow,21,0007
DEM United States Senator,East Bay Twp Pct 4,Write-in,0,0007
DEM United States Senator,East Bay Twp Pct 5,Abdul El-Sayed,236,0007
DEM United States Senator,East Bay Twp Pct 5,Haley Stevens,127,0007
DEM United States Senator,East Bay Twp Pct 5,Mallory McMorrow,27,0007
DEM United States Senator,East Bay Twp Pct 5,Write-in,0,0007
DEM United States Senator,East Bay Twp Pct 6,Abdul El-Sayed,522,0007
DEM United States Senator,East Bay Twp Pct 6,Haley Stevens,344,0007
DEM United States Senator,East Bay Twp Pct 6,Mallory McMorrow,28,0007
DEM United States Senator,East Bay Twp Pct 6,Write-in,0,0007
DEM United States Senator,Fife Lake Twp Pct 1,Abdul El-Sayed,94,0007
DEM United States Senator,Fife Lake Twp Pct 1,Haley Stevens,86,0007
DEM United States Senator,Fife Lake Twp Pct 1,Mallory McMorrow,13,0007
DEM United States Senator,Fife Lake Twp Pct 1,Write-in,0,0007
DEM United States Senator,Garfield Twp Pct 1,Abdul El-Sayed,285,0007
DEM United States Senator,Garfield Twp Pct 1,Haley Stevens,168,0007
DEM United States Senator,Garfield Twp Pct 1,Mallory McMorrow,29,0007
DEM United States Senator,Garfield Twp Pct 1,Write-in,0,0007
DEM United States Senator,Garfield Twp Pct 2,Abdul El-Sayed,379,0007
DEM United States Senator,Garfield Twp Pct 2,Haley Stevens,264,0007
DEM United States Senator,Garfield Twp Pct 2,Mallory McMorrow,28,0007
DEM United States Senator,Garfield Twp Pct 2,Write-in,1,0007
DEM United States Senator,Garfield Twp Pct 3,Abdul El-Sayed,247,0007
DEM United States Senator,Garfield Twp Pct 3,Haley Stevens,108,0007
DEM United States Senator,Garfield Twp Pct 3,Mallory McMorrow,15,0007
DEM United States Senator,Garfield Twp Pct 3,Write-in,0,0007
DEM United States Senator,Garfield Twp Pct 4,Abdul El-Sayed,309,0007
DEM United States Senator,Garfield Twp Pct 4,Haley Stevens,175,0007
DEM United States Senator,Garfield Twp Pct 4,Mallory McMorrow,25,0007
DEM United States Senator,Garfield Twp Pct 4,Write-in,1,0007
DEM United States Senator,Garfield Twp Pct 5,Abdul El-Sayed,459,0007
DEM United States Senator,Garfield Twp Pct 5,Haley Stevens,329,0007
DEM United States Senator,Garfield Twp Pct 5,Mallory McMorrow,38,0007
DEM United States Senator,Garfield Twp Pct 5,Write-in,0,0007
DEM United States Senator,Garfield Twp Pct 6,Abdul El-Sayed,258,0007
DEM United States Senator,Garfield Twp Pct 6,Haley Stevens,182,0007
DEM United States Senator,Garfield Twp Pct 6,Mallory McMorrow,30,0007
DEM United States Senator,Garfield Twp Pct 6,Write-in,0,0007
DEM United States Senator,Garfield Twp Pct 7,Abdul El-Sayed,180,0007
DEM United States Senator,Garfield Twp Pct 7,Haley Stevens,85,0007
DEM United States Senator,Garfield Twp Pct 7,Mallory McMorrow,14,0007
DEM United States Senator,Garfield Twp Pct 7,Write-in,0,0007
DEM United States Senator,Grant Twp Pct 1,Abdul El-Sayed,71,0007
DEM United States Senator,Grant Twp Pct 1,Haley Stevens,70,0007
DEM United States Senator,Grant Twp Pct 1,Mallory McMorrow,3,0007
DEM United States Senator,Grant Twp Pct 1,Write-in,1,0007
DEM United States Senator,Green Lake Twp Pct 1,Abdul El-Sayed,256,0007
DEM United States Senator,Green Lake Twp Pct 1,Haley Stevens,162,0007
DEM United States Senator,Green Lake Twp Pct 1,Mallory McMorrow,15,0007
DEM United States Senator,Green Lake Twp Pct 1,Write-in,0,0007
DEM United States Senator,Green Lake Twp Pct 2,Abdul El-Sayed,205,0007
DEM United States Senator,Green Lake Twp Pct 2,Haley Stevens,138,0007
DEM United States Senator,Green Lake Twp Pct 2,Mallory McMorrow,13,0007
DEM United States Senator,Green Lake Twp Pct 2,Write-in,0,0007
DEM United States Senator,Green Lake Twp Pct 3,Abdul El-Sayed,179,0007
DEM United States Senator,Green Lake Twp Pct 3,Haley Stevens,127,0007
DEM United States Senator,Green Lake Twp Pct 3,Mallory McMorrow,14,0007
DEM United States Senator,Green Lake Twp Pct 3,Write-in,0,0007
DEM United States Senator,Long Lake Twp Pct 1,Abdul El-Sayed,541,0007
DEM United States Senator,Long Lake Twp Pct 1,Haley Stevens,369,0007
DEM United States Senator,Long Lake Twp Pct 1,Mallory McMorrow,50,0007
DEM United States Senator,Long Lake Twp Pct 1,Write-in,0,0007
DEM United States Senator,Long Lake Twp Pct 2,Abdul El-Sayed,543,0007
DEM United States Senator,Long Lake Twp Pct 2,Haley Stevens,361,0007
DEM United States Senator,Long Lake Twp Pct 2,Mallory McMorrow,53,0007
DEM United States Senator,Long Lake Twp Pct 2,Write-in,0,0007
DEM United States Senator,Mayfield Twp Pct 1,Abdul El-Sayed,89,0007
DEM United States Senator,Mayfield Twp Pct 1,Haley Stevens,58,0007
DEM United States Senator,Mayfield Twp Pct 1,Mallory McMorrow,5,0007
DEM United States Senator,Mayfield Twp Pct 1,Write-in,0,0007
DEM United States Senator,Paradise Twp Pct 1,Abdul El-Sayed,163,0007
DEM United States Senator,Paradise Twp Pct 1,Haley Stevens,109,0007
DEM United States Senator,Paradise Twp Pct 1,Mallory McMorrow,18,0007
DEM United States Senator,Paradise Twp Pct 1,Write-in,0,0007
DEM United States Senator,Paradise Twp Pct 2,Abdul El-Sayed,129,0007
DEM United States Senator,Paradise Twp Pct 2,Haley Stevens,84,0007
DEM United States Senator,Paradise Twp Pct 2,Mallory McMorrow,6,0007
DEM United States Senator,Paradise Twp Pct 2,Write-in,0,0007
DEM United States Senator,Peninsula Twp Pct 1,Abdul El-Sayed,431,0007
DEM United States Senator,Peninsula Twp Pct 1,Haley Stevens,377,0007
DEM United States Senator,Peninsula Twp Pct 1,Mallory McMorrow,29,0007
DEM United States Senator,Peninsula Twp Pct 1,Write-in,0,0007
DEM United States Senator,Peninsula Twp Pct 2,Abdul El-Sayed,483,0007
DEM United States Senator,Peninsula Twp Pct 2,Haley Stevens,376,0007
DEM United States Senator,Peninsula Twp Pct 2,Mallory McMorrow,37,0007
DEM United States Senator,Peninsula Twp Pct 2,Write-in,0,0007
DEM United States Senator,Union Twp Pct 1,Abdul El-Sayed,34,0007
DEM United States Senator,Union Twp Pct 1,Haley Stevens,29,0007
DEM United States Senator,Union Twp Pct 1,Mallory McMorrow,1,0007
DEM United States Senator,Union Twp Pct 1,Write-in,0,0007
DEM United States Senator,Whitewater Twp Pct 1,Abdul El-Sayed,224,0007
DEM United States Senator,Whitewater Twp Pct 1,Haley Stevens,230,0007
DEM United States Senator,Whitewater Twp Pct 1,Mallory McMorrow,16,0007
DEM United States Senator,Whitewater Twp Pct 1,Write-in,0,0007
DEM United States Senator,Traverse City Pct 1,Abdul El-Sayed,511,0007
DEM United States Senator,Traverse City Pct 1,Haley Stevens,242,0007
DEM United States Senator,Traverse City Pct 1,Mallory McMorrow,32,0007
DEM United States Senator,Traverse City Pct 1,Write-in,2,0007
DEM United States Senator,Traverse City Pct 3,Abdul El-Sayed,551,0007
DEM United States Senator,Traverse City Pct 3,Haley Stevens,233,0007
DEM United States Senator,Traverse City Pct 3,Mallory McMorrow,25,0007
DEM United States Senator,Traverse City Pct 3,Write-in,0,0007
DEM United States Senator,Traverse City Pct 7,Abdul El-Sayed,477,0007
DEM United States Senator,Traverse City Pct 7,Haley Stevens,147,0007
DEM United States Senator,Traverse City Pct 7,Mallory McMorrow,11,0007
DEM United States Senator,Traverse City Pct 7,Write-in,0,0007
DEM United States Senator,Traverse City Pct 8,Abdul El-Sayed,510,0007
DEM United States Senator,Traverse City Pct 8,Haley Stevens,176,0007
DEM United States Senator,Traverse City Pct 8,Mallory McMorrow,26,0007
DEM United States Senator,Traverse City Pct 8,Write-in,0,0007
DEM United States Senator,Traverse City Pct 9,Abdul El-Sayed,423,0007
DEM United States Senator,Traverse City Pct 9,Haley Stevens,208,0007
DEM United States Senator,Traverse City Pct 9,Mallory McMorrow,23,0007
DEM United States Senator,Traverse City Pct 9,Write-in,0,0007
DEM United States Senator,Traverse City Pct 10,Abdul El-Sayed,478,0007
DEM United States Senator,Traverse City Pct 10,Haley Stevens,229,0007
DEM United States Senator,Traverse City Pct 10,Mallory McMorrow,26,0007
DEM United States Senator,Traverse City Pct 10,Write-in,0,0007
DEM Representative in Congress,Acme Twp Pct 1,Callie Barr,355,0008
DEM Representative in Congress,Acme Twp Pct 1,Kyle Blomquist,194,0008
DEM Representative in Congress,Acme Twp Pct 1,Wayne Stiles,21,0008
DEM Representative in Congress,Acme Twp Pct 1,Write-in,1,0008
DEM Representative in Congress,Acme Twp Pct 2,Callie Barr,202,0008
DEM Representative in Congress,Acme Twp Pct 2,Kyle Blomquist,123,0008
DEM Representative in Congress,Acme Twp Pct 2,Wayne Stiles,22,0008
DEM Representative in Congress,Acme Twp Pct 2,Write-in,0,0008
DEM Representative in Congress,Blair Twp Pct 1,Callie Barr,180,0008
DEM Representative in Congress,Blair Twp Pct 1,Kyle Blomquist,186,0008
DEM Representative in Congress,Blair Twp Pct 1,Wayne Stiles,31,0008
DEM Representative in Congress,Blair Twp Pct 1,Write-in,0,0008
DEM Representative in Congress,Blair Twp Pct 2,Callie Barr,185,0008
DEM Representative in Congress,Blair Twp Pct 2,Kyle Blomquist,129,0008
DEM Representative in Congress,Blair Twp Pct 2,Wayne Stiles,14,0008
DEM Representative in Congress,Blair Twp Pct 2,Write-in,0,0008
DEM Representative in Congress,Blair Twp Pct 3,Callie Barr,155,0008
DEM Representative in Congress,Blair Twp Pct 3,Kyle Blomquist,113,0008
DEM Representative in Congress,Blair Twp Pct 3,Wayne Stiles,6,0008
DEM Representative in Congress,Blair Twp Pct 3,Write-in,0,0008
DEM Representative in Congress,East Bay Twp Pct 1,Callie Barr,213,0008
DEM Representative in Congress,East Bay Twp Pct 1,Kyle Blomquist,224,0008
DEM Representative in Congress,East Bay Twp Pct 1,Wayne Stiles,30,0008
DEM Representative in Congress,East Bay Twp Pct 1,Write-in,1,0008
DEM Representative in Congress,East Bay Twp Pct 4,Callie Barr,298,0008
DEM Representative in Congress,East Bay Twp Pct 4,Kyle Blomquist,192,0008
DEM Representative in Congress,East Bay Twp Pct 4,Wayne Stiles,17,0008
DEM Representative in Congress,East Bay Twp Pct 4,Write-in,0,0008
DEM Representative in Congress,East Bay Twp Pct 5,Callie Barr,204,0008
DEM Representative in Congress,East Bay Twp Pct 5,Kyle Blomquist,163,0008
DEM Representative in Congress,East Bay Twp Pct 5,Wayne Stiles,13,0008
DEM Representative in Congress,East Bay Twp Pct 5,Write-in,1,0008
DEM Representative in Congress,East Bay Twp Pct 6,Callie Barr,531,0008
DEM Representative in Congress,East Bay Twp Pct 6,Kyle Blomquist,309,0008
DEM Representative in Congress,East Bay Twp Pct 6,Wayne Stiles,29,0008
DEM Representative in Congress,East Bay Twp Pct 6,Write-in,0,0008
DEM Representative in Congress,Fife Lake Twp Pct 1,Callie Barr,108,0008
DEM Representative in Congress,Fife Lake Twp Pct 1,Kyle Blomquist,69,0008
DEM Representative in Congress,Fife Lake Twp Pct 1,Wayne Stiles,10,0008
DEM Representative in Congress,Fife Lake Twp Pct 1,Write-in,0,0008
DEM Representative in Congress,Garfield Twp Pct 1,Callie Barr,266,0008
DEM Representative in Congress,Garfield Twp Pct 1,Kyle Blomquist,194,0008
DEM Representative in Congress,Garfield Twp Pct 1,Wayne Stiles,16,0008
DEM Representative in Congress,Garfield Twp Pct 1,Write-in,0,0008
DEM Representative in Congress,Garfield Twp Pct 2,Callie Barr,360,0008
DEM Representative in Congress,Garfield Twp Pct 2,Kyle Blomquist,258,0008
DEM Representative in Congress,Garfield Twp Pct 2,Wayne Stiles,36,0008
DEM Representative in Congress,Garfield Twp Pct 2,Write-in,2,0008
DEM Representative in Congress,Garfield Twp Pct 3,Callie Barr,195,0008
DEM Representative in Congress,Garfield Twp Pct 3,Kyle Blomquist,158,0008
DEM Representative in Congress,Garfield Twp Pct 3,Wayne Stiles,11,0008
DEM Representative in Congress,Garfield Twp Pct 3,Write-in,1,0008
DEM Representative in Congress,Garfield Twp Pct 4,Callie Barr,246,0008
DEM Representative in Congress,Garfield Twp Pct 4,Kyle Blomquist,236,0008
DEM Representative in Congress,Garfield Twp Pct 4,Wayne Stiles,17,0008
DEM Representative in Congress,Garfield Twp Pct 4,Write-in,2,0008
DEM Representative in Congress,Garfield Twp Pct 5,Callie Barr,494,0008
DEM Representative in Congress,Garfield Twp Pct 5,Kyle Blomquist,274,0008
DEM Representative in Congress,Garfield Twp Pct 5,Wayne Stiles,46,0008
DEM Representative in Congress,Garfield Twp Pct 5,Write-in,1,0008
DEM Representative in Congress,Garfield Twp Pct 6,Callie Barr,283,0008
DEM Representative in Congress,Garfield Twp Pct 6,Kyle Blomquist,158,0008
DEM Representative in Congress,Garfield Twp Pct 6,Wayne Stiles,18,0008
DEM Representative in Congress,Garfield Twp Pct 6,Write-in,0,0008
DEM Representative in Congress,Garfield Twp Pct 7,Callie Barr,133,0008
DEM Representative in Congress,Garfield Twp Pct 7,Kyle Blomquist,126,0008
DEM Representative in Congress,Garfield Twp Pct 7,Wayne Stiles,13,0008
DEM Representative in Congress,Garfield Twp Pct 7,Write-in,1,0008
DEM Representative in Congress,Grant Twp Pct 1,Callie Barr,72,0008
DEM Representative in Congress,Grant Twp Pct 1,Kyle Blomquist,48,0008
DEM Representative in Congress,Grant Twp Pct 1,Wayne Stiles,12,0008
DEM Representative in Congress,Grant Twp Pct 1,Write-in,1,0008
DEM Representative in Congress,Green Lake Twp Pct 1,Callie Barr,234,0008
DEM Representative in Congress,Green Lake Twp Pct 1,Kyle Blomquist,167,0008
DEM Representative in Congress,Green Lake Twp Pct 1,Wayne Stiles,20,0008
DEM Representative in Congress,Green Lake Twp Pct 1,Write-in,0,0008
DEM Representative in Congress,Green Lake Twp Pct 2,Callie Barr,172,0008
DEM Representative in Congress,Green Lake Twp Pct 2,Kyle Blomquist,151,0008
DEM Representative in Congress,Green Lake Twp Pct 2,Wayne Stiles,21,0008
DEM Representative in Congress,Green Lake Twp Pct 2,Write-in,0,0008
DEM Representative in Congress,Green Lake Twp Pct 3,Callie Barr,153,0008
DEM Representative in Congress,Green Lake Twp Pct 3,Kyle Blomquist,133,0008
DEM Representative in Congress,Green Lake Twp Pct 3,Wayne Stiles,25,0008
DEM Representative in Congress,Green Lake Twp Pct 3,Write-in,0,0008
DEM Representative in Congress,Long Lake Twp Pct 1,Callie Barr,552,0008
DEM Representative in Congress,Long Lake Twp Pct 1,Kyle Blomquist,367,0008
DEM Representative in Congress,Long Lake Twp Pct 1,Wayne Stiles,28,0008
DEM Representative in Congress,Long Lake Twp Pct 1,Write-in,0,0008
DEM Representative in Congress,Long Lake Twp Pct 2,Callie Barr,525,0008
DEM Representative in Congress,Long Lake Twp Pct 2,Kyle Blomquist,367,0008
DEM Representative in Congress,Long Lake Twp Pct 2,Wayne Stiles,42,0008
DEM Representative in Congress,Long Lake Twp Pct 2,Write-in,0,0008
DEM Representative in Congress,Mayfield Twp Pct 1,Callie Barr,76,0008
DEM Representative in Congress,Mayfield Twp Pct 1,Kyle Blomquist,62,0008
DEM Representative in Congress,Mayfield Twp Pct 1,Wayne Stiles,8,0008
DEM Representative in Congress,Mayfield Twp Pct 1,Write-in,0,0008
DEM Representative in Congress,Paradise Twp Pct 1,Callie Barr,169,0008
DEM Representative in Congress,Paradise Twp Pct 1,Kyle Blomquist,102,0008
DEM Representative in Congress,Paradise Twp Pct 1,Wayne Stiles,13,0008
DEM Representative in Congress,Paradise Twp Pct 1,Write-in,1,0008
DEM Representative in Congress,Paradise Twp Pct 2,Callie Barr,96,0008
DEM Representative in Congress,Paradise Twp Pct 2,Kyle Blomquist,102,0008
DEM Representative in Congress,Paradise Twp Pct 2,Wayne Stiles,16,0008
DEM Representative in Congress,Paradise Twp Pct 2,Write-in,0,0008
DEM Representative in Congress,Peninsula Twp Pct 1,Callie Barr,562,0008
DEM Representative in Congress,Peninsula Twp Pct 1,Kyle Blomquist,221,0008
DEM Representative in Congress,Peninsula Twp Pct 1,Wayne Stiles,44,0008
DEM Representative in Congress,Peninsula Twp Pct 1,Write-in,0,0008
DEM Representative in Congress,Peninsula Twp Pct 2,Callie Barr,622,0008
DEM Representative in Congress,Peninsula Twp Pct 2,Kyle Blomquist,233,0008
DEM Representative in Congress,Peninsula Twp Pct 2,Wayne Stiles,30,0008
DEM Representative in Congress,Peninsula Twp Pct 2,Write-in,0,0008
DEM Representative in Congress,Union Twp Pct 1,Callie Barr,33,0008
DEM Representative in Congress,Union Twp Pct 1,Kyle Blomquist,28,0008
DEM Representative in Congress,Union Twp Pct 1,Wayne Stiles,2,0008
DEM Representative in Congress,Union Twp Pct 1,Write-in,0,0008
DEM Representative in Congress,Whitewater Twp Pct 1,Callie Barr,297,0008
DEM Representative in Congress,Whitewater Twp Pct 1,Kyle Blomquist,133,0008
DEM Representative in Congress,Whitewater Twp Pct 1,Wayne Stiles,27,0008
DEM Representative in Congress,Whitewater Twp Pct 1,Write-in,0,0008
DEM Representative in Congress,Traverse City Pct 1,Callie Barr,430,0008
DEM Representative in Congress,Traverse City Pct 1,Kyle Blomquist,330,0008
DEM Representative in Congress,Traverse City Pct 1,Wayne Stiles,15,0008
DEM Representative in Congress,Traverse City Pct 1,Write-in,0,0008
DEM Representative in Congress,Traverse City Pct 3,Callie Barr,411,0008
DEM Representative in Congress,Traverse City Pct 3,Kyle Blomquist,371,0008
DEM Representative in Congress,Traverse City Pct 3,Wayne Stiles,20,0008
DEM Representative in Congress,Traverse City Pct 3,Write-in,1,0008
DEM Representative in Congress,Traverse City Pct 7,Callie Barr,271,0008
DEM Representative in Congress,Traverse City Pct 7,Kyle Blomquist,331,0008
DEM Representative in Congress,Traverse City Pct 7,Wayne Stiles,27,0008
DEM Representative in Congress,Traverse City Pct 7,Write-in,0,0008
DEM Representative in Congress,Traverse City Pct 8,Callie Barr,367,0008
DEM Representative in Congress,Traverse City Pct 8,Kyle Blomquist,317,0008
DEM Representative in Congress,Traverse City Pct 8,Wayne Stiles,18,0008
DEM Representative in Congress,Traverse City Pct 8,Write-in,1,0008
DEM Representative in Congress,Traverse City Pct 9,Callie Barr,387,0008
DEM Representative in Congress,Traverse City Pct 9,Kyle Blomquist,251,0008
DEM Representative in Congress,Traverse City Pct 9,Wayne Stiles,11,0008
DEM Representative in Congress,Traverse City Pct 9,Write-in,2,0008
DEM Representative in Congress,Traverse City Pct 10,Callie Barr,359,0008
DEM Representative in Congress,Traverse City Pct 10,Kyle Blomquist,339,0008
DEM Representative in Congress,Traverse City Pct 10,Wayne Stiles,27,0008
DEM Representative in Congress,Traverse City Pct 10,Write-in,1,0008
DEM State Senator,Acme Twp Pct 1,Kate Gallup,455,0009
DEM State Senator,Acme Twp Pct 1,Mitchell Treadwell,97,0009
DEM State Senator,Acme Twp Pct 1,Write-in,3,0009
DEM State Senator,Acme Twp Pct 2,Kate Gallup,250,0009
DEM State Senator,Acme Twp Pct 2,Mitchell Treadwell,71,0009
DEM State Senator,Acme Twp Pct 2,Write-in,0,0009
DEM State Senator,Blair Twp Pct 1,Kate Gallup,311,0009
DEM State Senator,Blair Twp Pct 1,Mitchell Treadwell,67,0009
DEM State Senator,Blair Twp Pct 1,Write-in,2,0009
DEM State Senator,Blair Twp Pct 2,Kate Gallup,244,0009
DEM State Senator,Blair Twp Pct 2,Mitchell Treadwell,65,0009
DEM State Senator,Blair Twp Pct 2,Write-in,1,0009
DEM State Senator,Blair Twp Pct 3,Kate Gallup,205,0009
DEM State Senator,Blair Twp Pct 3,Mitchell Treadwell,62,0009
DEM State Senator,Blair Twp Pct 3,Write-in,0,0009
DEM State Senator,East Bay Twp Pct 1,Kate Gallup,324,0009
DEM State Senator,East Bay Twp Pct 1,Mitchell Treadwell,119,0009
DEM State Senator,East Bay Twp Pct 1,Write-in,0,0009
DEM State Senator,East Bay Twp Pct 4,Kate Gallup,354,0009
DEM State Senator,East Bay Twp Pct 4,Mitchell Treadwell,119,0009
DEM State Senator,East Bay Twp Pct 4,Write-in,2,0009
DEM State Senator,East Bay Twp Pct 5,Kate Gallup,281,0009
DEM State Senator,East Bay Twp Pct 5,Mitchell Treadwell,87,0009
DEM State Senator,East Bay Twp Pct 5,Write-in,2,0009
DEM State Senator,East Bay Twp Pct 6,Kate Gallup,645,0009
DEM State Senator,East Bay Twp Pct 6,Mitchell Treadwell,192,0009
DEM State Senator,East Bay Twp Pct 6,Write-in,3,0009
DEM State Senator,Fife Lake Twp Pct 1,Kate Gallup,131,0009
DEM State Senator,Fife Lake Twp Pct 1,Mitchell Treadwell,42,0009
DEM State Senator,Fife Lake Twp Pct 1,Write-in,0,0009
DEM State Senator,Garfield Twp Pct 1,Kate Gallup,335,0009
DEM State Senator,Garfield Twp Pct 1,Mitchell Treadwell,120,0009
DEM State Senator,Garfield Twp Pct 1,Write-in,0,0009
DEM State Senator,Garfield Twp Pct 2,Kate Gallup,438,0009
DEM State Senator,Garfield Twp Pct 2,Mitchell Treadwell,170,0009
DEM State Senator,Garfield Twp Pct 2,Write-in,4,0009
DEM State Senator,Garfield Twp Pct 3,Kate Gallup,294,0009
DEM State Senator,Garfield Twp Pct 3,Mitchell Treadwell,57,0009
DEM State Senator,Garfield Twp Pct 3,Write-in,1,0009
DEM State Senator,Garfield Twp Pct 4,Kate Gallup,355,0009
DEM State Senator,Garfield Twp Pct 4,Mitchell Treadwell,114,0009
DEM State Senator,Garfield Twp Pct 4,Write-in,2,0009
DEM State Senator,Garfield Twp Pct 5,Kate Gallup,560,0009
DEM State Senator,Garfield Twp Pct 5,Mitchell Treadwell,195,0009
DEM State Senator,Garfield Twp Pct 5,Write-in,4,0009
DEM State Senator,Garfield Twp Pct 6,Kate Gallup,316,0009
DEM State Senator,Garfield Twp Pct 6,Mitchell Treadwell,117,0009
DEM State Senator,Garfield Twp Pct 6,Write-in,2,0009
DEM State Senator,Garfield Twp Pct 7,Kate Gallup,203,0009
DEM State Senator,Garfield Twp Pct 7,Mitchell Treadwell,59,0009
DEM State Senator,Garfield Twp Pct 7,Write-in,1,0009
DEM State Senator,Grant Twp Pct 1,Kate Gallup,97,0009
DEM State Senator,Grant Twp Pct 1,Mitchell Treadwell,30,0009
DEM State Senator,Grant Twp Pct 1,Write-in,1,0009
DEM State Senator,Green Lake Twp Pct 1,Kate Gallup,334,0009
DEM State Senator,Green Lake Twp Pct 1,Mitchell Treadwell,61,0009
DEM State Senator,Green Lake Twp Pct 1,Write-in,1,0009
DEM State Senator,Green Lake Twp Pct 2,Kate Gallup,265,0009
DEM State Senator,Green Lake Twp Pct 2,Mitchell Treadwell,53,0009
DEM State Senator,Green Lake Twp Pct 2,Write-in,2,0009
DEM State Senator,Green Lake Twp Pct 3,Kate Gallup,225,0009
DEM State Senator,Green Lake Twp Pct 3,Mitchell Treadwell,76,0009
DEM State Senator,Green Lake Twp Pct 3,Write-in,0,0009
DEM State Senator,Long Lake Twp Pct 1,Kate Gallup,657,0009
DEM State Senator,Long Lake Twp Pct 1,Mitchell Treadwell,233,0009
DEM State Senator,Long Lake Twp Pct 1,Write-in,2,0009
DEM State Senator,Long Lake Twp Pct 2,Kate Gallup,685,0009
DEM State Senator,Long Lake Twp Pct 2,Mitchell Treadwell,193,0009
DEM State Senator,Long Lake Twp Pct 2,Write-in,3,0009
DEM State Senator,Mayfield Twp Pct 1,Kate Gallup,110,0009
DEM State Senator,Mayfield Twp Pct 1,Mitchell Treadwell,32,0009
DEM State Senator,Mayfield Twp Pct 1,Write-in,1,0009
DEM State Senator,Paradise Twp Pct 1,Kate Gallup,209,0009
DEM State Senator,Paradise Twp Pct 1,Mitchell Treadwell,57,0009
DEM State Senator,Paradise Twp Pct 1,Write-in,0,0009
DEM State Senator,Paradise Twp Pct 2,Kate Gallup,160,0009
DEM State Senator,Paradise Twp Pct 2,Mitchell Treadwell,45,0009
DEM State Senator,Paradise Twp Pct 2,Write-in,1,0009
DEM State Senator,Peninsula Twp Pct 1,Kate Gallup,588,0009
DEM State Senator,Peninsula Twp Pct 1,Mitchell Treadwell,184,0009
DEM State Senator,Peninsula Twp Pct 1,Write-in,1,0009
DEM State Senator,Peninsula Twp Pct 2,Kate Gallup,546,0009
DEM State Senator,Peninsula Twp Pct 2,Mitchell Treadwell,266,0009
DEM State Senator,Peninsula Twp Pct 2,Write-in,2,0009
DEM State Senator,Union Twp Pct 1,Kate Gallup,51,0009
DEM State Senator,Union Twp Pct 1,Mitchell Treadwell,10,0009
DEM State Senator,Union Twp Pct 1,Write-in,0,0009
DEM State Senator,Whitewater Twp Pct 1,Kate Gallup,325,0009
DEM State Senator,Whitewater Twp Pct 1,Mitchell Treadwell,110,0009
DEM State Senator,Whitewater Twp Pct 1,Write-in,0,0009
DEM State Senator,Traverse City Pct 1,Kate Gallup,521,0009
DEM State Senator,Traverse City Pct 1,Mitchell Treadwell,210,0009
DEM State Senator,Traverse City Pct 1,Write-in,2,0009
DEM State Senator,Traverse City Pct 3,Kate Gallup,494,0009
DEM State Senator,Traverse City Pct 3,Mitchell Treadwell,250,0009
DEM State Senator,Traverse City Pct 3,Write-in,5,0009
DEM State Senator,Traverse City Pct 7,Kate Gallup,414,0009
DEM State Senator,Traverse City Pct 7,Mitchell Treadwell,185,0009
DEM State Senator,Traverse City Pct 7,Write-in,2,0009
DEM State Senator,Traverse City Pct 8,Kate Gallup,443,0009
DEM State Senator,Traverse City Pct 8,Mitchell Treadwell,217,0009
DEM State Senator,Traverse City Pct 8,Write-in,0,0009
DEM State Senator,Traverse City Pct 9,Kate Gallup,413,0009
DEM State Senator,Traverse City Pct 9,Mitchell Treadwell,187,0009
DEM State Senator,Traverse City Pct 9,Write-in,2,0009
DEM State Senator,Traverse City Pct 10,Kate Gallup,494,0009
DEM State Senator,Traverse City Pct 10,Mitchell Treadwell,192,0009
DEM State Senator,Traverse City Pct 10,Write-in,6,0009
DEM Representative in State Legislature 103rd District,Acme Twp Pct 1,Betsy Coffia,545,0010
DEM Representative in State Legislature 103rd District,Acme Twp Pct 1,Write-in,2,0010
DEM Representative in State Legislature 103rd District,Acme Twp Pct 2,Betsy Coffia,329,0010
DEM Representative in State Legislature 103rd District,Acme Twp Pct 2,Write-in,0,0010
DEM Representative in State Legislature 103rd District,East Bay Twp Pct 1,Betsy Coffia,455,0010
DEM Representative in State Legislature 103rd District,East Bay Twp Pct 1,Write-in,2,0010
DEM Representative in State Legislature 103rd District,East Bay Twp Pct 4,Betsy Coffia,482,0010
DEM Representative in State Legislature 103rd District,East Bay Twp Pct 4,Write-in,2,0010
DEM Representative in State Legislature 103rd District,East Bay Twp Pct 5,Betsy Coffia,376,0010
DEM Representative in State Legislature 103rd District,East Bay Twp Pct 5,Write-in,1,0010
DEM Representative in State Legislature 103rd District,East Bay Twp Pct 6,Betsy Coffia,851,0010
DEM Representative in State Legislature 103rd District,East Bay Twp Pct 6,Write-in,4,0010
DEM Representative in State Legislature 103rd District,Garfield Twp Pct 1,Betsy Coffia,456,0010
DEM Representative in State Legislature 103rd District,Garfield Twp Pct 1,Write-in,3,0010
DEM Representative in State Legislature 103rd District,Garfield Twp Pct 2,Betsy Coffia,632,0010
DEM Representative in State Legislature 103rd District,Garfield Twp Pct 2,Write-in,4,0010
DEM Representative in State Legislature 103rd District,Garfield Twp Pct 3,Betsy Coffia,349,0010
DEM Representative in State Legislature 103rd District,Garfield Twp Pct 3,Write-in,2,0010
DEM Representative in State Legislature 103rd District,Garfield Twp Pct 4,Betsy Coffia,480,0010
DEM Representative in State Legislature 103rd District,Garfield Twp Pct 4,Write-in,3,0010
DEM Representative in State Legislature 103rd District,Garfield Twp Pct 5,Betsy Coffia,773,0010
DEM Representative in State Legislature 103rd District,Garfield Twp Pct 5,Write-in,4,0010
DEM Representative in State Legislature 103rd District,Garfield Twp Pct 6,Betsy Coffia,447,0010
DEM Representative in State Legislature 103rd District,Garfield Twp Pct 6,Write-in,4,0010
DEM Representative in State Legislature 103rd District,Garfield Twp Pct 7,Betsy Coffia,270,0010
DEM Representative in State Legislature 103rd District,Garfield Twp Pct 7,Write-in,1,0010
DEM Representative in State Legislature 103rd District,Long Lake Twp Pct 1,Betsy Coffia,907,0010
DEM Representative in State Legislature 103rd District,Long Lake Twp Pct 1,Write-in,3,0010
DEM Representative in State Legislature 103rd District,Long Lake Twp Pct 2,Betsy Coffia,882,0010
DEM Representative in State Legislature 103rd District,Long Lake Twp Pct 2,Write-in,7,0010
DEM Representative in State Legislature 103rd District,Peninsula Twp Pct 1,Betsy Coffia,795,0010
DEM Representative in State Legislature 103rd District,Peninsula Twp Pct 1,Write-in,4,0010
DEM Representative in State Legislature 103rd District,Peninsula Twp Pct 2,Betsy Coffia,833,0010
DEM Representative in State Legislature 103rd District,Peninsula Twp Pct 2,Write-in,4,0010
DEM Representative in State Legislature 103rd District,Traverse City Pct 1,Betsy Coffia,754,0010
DEM Representative in State Legislature 103rd District,Traverse City Pct 1,Write-in,0,0010
DEM Representative in State Legislature 103rd District,Traverse City Pct 3,Betsy Coffia,752,0010
DEM Representative in State Legislature 103rd District,Traverse City Pct 3,Write-in,5,0010
DEM Representative in State Legislature 103rd District,Traverse City Pct 7,Betsy Coffia,602,0010
DEM Representative in State Legislature 103rd District,Traverse City Pct 7,Write-in,2,0010
DEM Representative in State Legislature 103rd District,Traverse City Pct 8,Betsy Coffia,669,0010
DEM Representative in State Legislature 103rd District,Traverse City Pct 8,Write-in,5,0010
DEM Representative in State Legislature 103rd District,Traverse City Pct 9,Betsy Coffia,625,0010
DEM Representative in State Legislature 103rd District,Traverse City Pct 9,Write-in,1,0010
DEM Representative in State Legislature 103rd District,Traverse City Pct 10,Betsy Coffia,700,0010
DEM Representative in State Legislature 103rd District,Traverse City Pct 10,Write-in,6,0010
DEM Representative in State Legislature 104th District,Blair Twp Pct 1,Mitchell Ryan Distin,333,0011
DEM Representative in State Legislature 104th District,Blair Twp Pct 1,Write-in,3,0011
DEM Representative in State Legislature 104th District,Blair Twp Pct 2,Mitchell Ryan Distin,277,0011
DEM Representative in State Legislature 104th District,Blair Twp Pct 2,Write-in,2,0011
DEM Representative in State Legislature 104th District,Blair Twp Pct 3,Mitchell Ryan Distin,239,0011
DEM Representative in State Legislature 104th District,Blair Twp Pct 3,Write-in,2,0011
DEM Representative in State Legislature 104th District,Fife Lake Twp Pct 1,Mitchell Ryan Distin,147,0011
DEM Representative in State Legislature 104th District,Fife Lake Twp Pct 1,Write-in,1,0011
DEM Representative in State Legislature 104th District,Grant Twp Pct 1,Mitchell Ryan Distin,111,0011
DEM Representative in State Legislature 104th District,Grant Twp Pct 1,Write-in,1,0011
DEM Representative in State Legislature 104th District,Green Lake Twp Pct 1,Mitchell Ryan Distin,355,0011
DEM Representative in State Legislature 104th District,Green Lake Twp Pct 1,Write-in,4,0011
DEM Representative in State Legislature 104th District,Green Lake Twp Pct 2,Mitchell Ryan Distin,284,0011
DEM Representative in State Legislature 104th District,Green Lake Twp Pct 2,Write-in,1,0011
DEM Representative in State Legislature 104th District,Green Lake Twp Pct 3,Mitchell Ryan Distin,267,0011
DEM Representative in State Legislature 104th District,Green Lake Twp Pct 3,Write-in,0,0011
DEM Representative in State Legislature 104th District,Mayfield Twp Pct 1,Mitchell Ryan Distin,123,0011
DEM Representative in State Legislature 104th District,Mayfield Twp Pct 1,Write-in,1,0011
DEM Representative in State Legislature 104th District,Paradise Twp Pct 1,Mitchell Ryan Distin,234,0011
DEM Representative in State Legislature 104th District,Paradise Twp Pct 1,Write-in,1,0011
DEM Representative in State Legislature 104th District,Paradise Twp Pct 2,Mitchell Ryan Distin,182,0011
DEM Representative in State Legislature 104th District,Paradise Twp Pct 2,Write-in,0,0011
DEM Representative in State Legislature 104th District,Union Twp Pct 1,Mitchell Ryan Distin,47,0011
DEM Representative in State Legislature 104th District,Union Twp Pct 1,Write-in,0,0011
DEM Representative in State Legislature 104th District,Whitewater Twp Pct 1,Mitchell Ryan Distin,404,0011
DEM Representative in State Legislature 104th District,Whitewater Twp Pct 1,Write-in,0,0011
REP Governor,Acme Twp Pct 1,John James,194,0012
REP Governor,Acme Twp Pct 1,Perry Johnson,110,0012
REP Governor,Acme Twp Pct 1,Mike Cox,52,0012
REP Governor,Acme Twp Pct 1,Aric Nesbitt,1,0012
REP Governor,Acme Twp Pct 1,Write-in,1,0012
REP Governor,Acme Twp Pct 2,John James,170,0012
REP Governor,Acme Twp Pct 2,Perry Johnson,64,0012
REP Governor,Acme Twp Pct 2,Mike Cox,19,0012
REP Governor,Acme Twp Pct 2,Aric Nesbitt,1,0012
REP Governor,Acme Twp Pct 2,Write-in,0,0012
REP Governor,Blair Twp Pct 1,John James,127,0012
REP Governor,Blair Twp Pct 1,Perry Johnson,133,0012
REP Governor,Blair Twp Pct 1,Mike Cox,69,0012
REP Governor,Blair Twp Pct 1,Aric Nesbitt,1,0012
REP Governor,Blair Twp Pct 1,Write-in,0,0012
REP Governor,Blair Twp Pct 2,John James,172,0012
REP Governor,Blair Twp Pct 2,Perry Johnson,135,0012
REP Governor,Blair Twp Pct 2,Mike Cox,44,0012
REP Governor,Blair Twp Pct 2,Aric Nesbitt,6,0012
REP Governor,Blair Twp Pct 2,Write-in,0,0012
REP Governor,Blair Twp Pct 3,John James,136,0012
REP Governor,Blair Twp Pct 3,Perry Johnson,75,0012
REP Governor,Blair Twp Pct 3,Mike Cox,35,0012
REP Governor,Blair Twp Pct 3,Aric Nesbitt,0,0012
REP Governor,Blair Twp Pct 3,Write-in,0,0012
REP Governor,East Bay Twp Pct 1,John James,197,0012
REP Governor,East Bay Twp Pct 1,Perry Johnson,86,0012
REP Governor,East Bay Twp Pct 1,Mike Cox,44,0012
REP Governor,East Bay Twp Pct 1,Aric Nesbitt,7,0012
REP Governor,East Bay Twp Pct 1,Write-in,0,0012
REP Governor,East Bay Twp Pct 4,John James,186,0012
REP Governor,East Bay Twp Pct 4,Perry Johnson,98,0012
REP Governor,East Bay Twp Pct 4,Mike Cox,33,0012
REP Governor,East Bay Twp Pct 4,Aric Nesbitt,5,0012
REP Governor,East Bay Twp Pct 4,Write-in,1,0012
REP Governor,East Bay Twp Pct 5,John James,193,0012
REP Governor,East Bay Twp Pct 5,Perry Johnson,89,0012
REP Governor,East Bay Twp Pct 5,Mike Cox,38,0012
REP Governor,East Bay Twp Pct 5,Aric Nesbitt,6,0012
REP Governor,East Bay Twp Pct 5,Write-in,0,0012
REP Governor,East Bay Twp Pct 6,John James,327,0012
REP Governor,East Bay Twp Pct 6,Perry Johnson,214,0012
REP Governor,East Bay Twp Pct 6,Mike Cox,99,0012
REP Governor,East Bay Twp Pct 6,Aric Nesbitt,19,0012
REP Governor,East Bay Twp Pct 6,Write-in,0,0012
REP Governor,Fife Lake Twp Pct 1,John James,153,0012
REP Governor,Fife Lake Twp Pct 1,Perry Johnson,109,0012
REP Governor,Fife Lake Twp Pct 1,Mike Cox,54,0012
REP Governor,Fife Lake Twp Pct 1,Aric Nesbitt,8,0012
REP Governor,Fife Lake Twp Pct 1,Write-in,2,0012
REP Governor,Garfield Twp Pct 1,John James,191,0012
REP Governor,Garfield Twp Pct 1,Perry Johnson,129,0012
REP Governor,Garfield Twp Pct 1,Mike Cox,51,0012
REP Governor,Garfield Twp Pct 1,Aric Nesbitt,4,0012
REP Governor,Garfield Twp Pct 1,Write-in,0,0012
REP Governor,Garfield Twp Pct 2,John James,225,0012
REP Governor,Garfield Twp Pct 2,Perry Johnson,89,0012
REP Governor,Garfield Twp Pct 2,Mike Cox,53,0012
REP Governor,Garfield Twp Pct 2,Aric Nesbitt,4,0012
REP Governor,Garfield Twp Pct 2,Write-in,0,0012
REP Governor,Garfield Twp Pct 3,John James,65,0012
REP Governor,Garfield Twp Pct 3,Perry Johnson,50,0012
REP Governor,Garfield Twp Pct 3,Mike Cox,30,0012
REP Governor,Garfield Twp Pct 3,Aric Nesbitt,4,0012
REP Governor,Garfield Twp Pct 3,Write-in,1,0012
REP Governor,Garfield Twp Pct 4,John James,115,0012
REP Governor,Garfield Twp Pct 4,Perry Johnson,62,0012
REP Governor,Garfield Twp Pct 4,Mike Cox,25,0012
REP Governor,Garfield Twp Pct 4,Aric Nesbitt,5,0012
REP Governor,Garfield Twp Pct 4,Write-in,3,0012
REP Governor,Garfield Twp Pct 5,John James,237,0012
REP Governor,Garfield Twp Pct 5,Perry Johnson,124,0012
REP Governor,Garfield Twp Pct 5,Mike Cox,61,0012
REP Governor,Garfield Twp Pct 5,Aric Nesbitt,7,0012
REP Governor,Garfield Twp Pct 5,Write-in,0,0012
REP Governor,Garfield Twp Pct 6,John James,142,0012
REP Governor,Garfield Twp Pct 6,Perry Johnson,97,0012
REP Governor,Garfield Twp Pct 6,Mike Cox,41,0012
REP Governor,Garfield Twp Pct 6,Aric Nesbitt,1,0012
REP Governor,Garfield Twp Pct 6,Write-in,1,0012
REP Governor,Garfield Twp Pct 7,John James,51,0012
REP Governor,Garfield Twp Pct 7,Perry Johnson,40,0012
REP Governor,Garfield Twp Pct 7,Mike Cox,19,0012
REP Governor,Garfield Twp Pct 7,Aric Nesbitt,4,0012
REP Governor,Garfield Twp Pct 7,Write-in,0,0012
REP Governor,Grant Twp Pct 1,John James,100,0012
REP Governor,Grant Twp Pct 1,Perry Johnson,70,0012
REP Governor,Grant Twp Pct 1,Mike Cox,10,0012
REP Governor,Grant Twp Pct 1,Aric Nesbitt,8,0012
REP Governor,Grant Twp Pct 1,Write-in,0,0012
REP Governor,Green Lake Twp Pct 1,John James,166,0012
REP Governor,Green Lake Twp Pct 1,Perry Johnson,123,0012
REP Governor,Green Lake Twp Pct 1,Mike Cox,54,0012
REP Governor,Green Lake Twp Pct 1,Aric Nesbitt,10,0012
REP Governor,Green Lake Twp Pct 1,Write-in,0,0012
REP Governor,Green Lake Twp Pct 2,John James,118,0012
REP Governor,Green Lake Twp Pct 2,Perry Johnson,116,0012
REP Governor,Green Lake Twp Pct 2,Mike Cox,34,0012
REP Governor,Green Lake Twp Pct 2,Aric Nesbitt,7,0012
REP Governor,Green Lake Twp Pct 2,Write-in,1,0012
REP Governor,Green Lake Twp Pct 3,John James,100,0012
REP Governor,Green Lake Twp Pct 3,Perry Johnson,80,0012
REP Governor,Green Lake Twp Pct 3,Mike Cox,33,0012
REP Governor,Green Lake Twp Pct 3,Aric Nesbitt,3,0012
REP Governor,Green Lake Twp Pct 3,Write-in,1,0012
REP Governor,Long Lake Twp Pct 1,John James,376,0012
REP Governor,Long Lake Twp Pct 1,Perry Johnson,207,0012
REP Governor,Long Lake Twp Pct 1,Mike Cox,79,0012
REP Governor,Long Lake Twp Pct 1,Aric Nesbitt,5,0012
REP Governor,Long Lake Twp Pct 1,Write-in,2,0012
REP Governor,Long Lake Twp Pct 2,John James,325,0012
REP Governor,Long Lake Twp Pct 2,Perry Johnson,208,0012
REP Governor,Long Lake Twp Pct 2,Mike Cox,78,0012
REP Governor,Long Lake Twp Pct 2,Aric Nesbitt,9,0012
REP Governor,Long Lake Twp Pct 2,Write-in,1,0012
REP Governor,Mayfield Twp Pct 1,John James,147,0012
REP Governor,Mayfield Twp Pct 1,Perry Johnson,93,0012
REP Governor,Mayfield Twp Pct 1,Mike Cox,34,0012
REP Governor,Mayfield Twp Pct 1,Aric Nesbitt,3,0012
REP Governor,Mayfield Twp Pct 1,Write-in,2,0012
REP Governor,Paradise Twp Pct 1,John James,191,0012
REP Governor,Paradise Twp Pct 1,Perry Johnson,137,0012
REP Governor,Paradise Twp Pct 1,Mike Cox,65,0012
REP Governor,Paradise Twp Pct 1,Aric Nesbitt,6,0012
REP Governor,Paradise Twp Pct 1,Write-in,0,0012
REP Governor,Paradise Twp Pct 2,John James,152,0012
REP Governor,Paradise Twp Pct 2,Perry Johnson,97,0012
REP Governor,Paradise Twp Pct 2,Mike Cox,32,0012
REP Governor,Paradise Twp Pct 2,Aric Nesbitt,8,0012
REP Governor,Paradise Twp Pct 2,Write-in,3,0012
REP Governor,Peninsula Twp Pct 1,John James,340,0012
REP Governor,Peninsula Twp Pct 1,Perry Johnson,183,0012
REP Governor,Peninsula Twp Pct 1,Mike Cox,61,0012
REP Governor,Peninsula Twp Pct 1,Aric Nesbitt,7,0012
REP Governor,Peninsula Twp Pct 1,Write-in,2,0012
REP Governor,Peninsula Twp Pct 2,John James,311,0012
REP Governor,Peninsula Twp Pct 2,Perry Johnson,103,0012
REP Governor,Peninsula Twp Pct 2,Mike Cox,53,0012
REP Governor,Peninsula Twp Pct 2,Aric Nesbitt,12,0012
REP Governor,Peninsula Twp Pct 2,Write-in,0,0012
REP Governor,Union Twp Pct 1,John James,36,0012
REP Governor,Union Twp Pct 1,Perry Johnson,31,0012
REP Governor,Union Twp Pct 1,Mike Cox,11,0012
REP Governor,Union Twp Pct 1,Aric Nesbitt,0,0012
REP Governor,Union Twp Pct 1,Write-in,0,0012
REP Governor,Whitewater Twp Pct 1,John James,283,0012
REP Governor,Whitewater Twp Pct 1,Perry Johnson,157,0012
REP Governor,Whitewater Twp Pct 1,Mike Cox,56,0012
REP Governor,Whitewater Twp Pct 1,Aric Nesbitt,3,0012
REP Governor,Whitewater Twp Pct 1,Write-in,0,0012
REP Governor,Traverse City Pct 1,John James,133,0012
REP Governor,Traverse City Pct 1,Perry Johnson,73,0012
REP Governor,Traverse City Pct 1,Mike Cox,29,0012
REP Governor,Traverse City Pct 1,Aric Nesbitt,7,0012
REP Governor,Traverse City Pct 1,Write-in,0,0012
REP Governor,Traverse City Pct 3,John James,79,0012
REP Governor,Traverse City Pct 3,Perry Johnson,50,0012
REP Governor,Traverse City Pct 3,Mike Cox,20,0012
REP Governor,Traverse City Pct 3,Aric Nesbitt,4,0012
REP Governor,Traverse City Pct 3,Write-in,0,0012
REP Governor,Traverse City Pct 7,John James,71,0012
REP Governor,Traverse City Pct 7,Perry Johnson,60,0012
REP Governor,Traverse City Pct 7,Mike Cox,29,0012
REP Governor,Traverse City Pct 7,Aric Nesbitt,3,0012
REP Governor,Traverse City Pct 7,Write-in,0,0012
REP Governor,Traverse City Pct 8,John James,103,0012
REP Governor,Traverse City Pct 8,Perry Johnson,28,0012
REP Governor,Traverse City Pct 8,Mike Cox,23,0012
REP Governor,Traverse City Pct 8,Aric Nesbitt,2,0012
REP Governor,Traverse City Pct 8,Write-in,0,0012
REP Governor,Traverse City Pct 9,John James,148,0012
REP Governor,Traverse City Pct 9,Perry Johnson,58,0012
REP Governor,Traverse City Pct 9,Mike Cox,23,0012
REP Governor,Traverse City Pct 9,Aric Nesbitt,6,0012
REP Governor,Traverse City Pct 9,Write-in,1,0012
REP Governor,Traverse City Pct 10,John James,126,0012
REP Governor,Traverse City Pct 10,Perry Johnson,68,0012
REP Governor,Traverse City Pct 10,Mike Cox,18,0012
REP Governor,Traverse City Pct 10,Aric Nesbitt,6,0012
REP Governor,Traverse City Pct 10,Write-in,0,0012
REP United States Senator,Acme Twp Pct 1,Mike Rogers,341,0013
REP United States Senator,Acme Twp Pct 1,Write-in,0,0013
REP United States Senator,Acme Twp Pct 2,Mike Rogers,249,0013
REP United States Senator,Acme Twp Pct 2,Write-in,0,0013
REP United States Senator,Blair Twp Pct 1,Mike Rogers,326,0013
REP United States Senator,Blair Twp Pct 1,Write-in,0,0013
REP United States Senator,Blair Twp Pct 2,Mike Rogers,347,0013
REP United States Senator,Blair Twp Pct 2,Write-in,0,0013
REP United States Senator,Blair Twp Pct 3,Mike Rogers,234,0013
REP United States Senator,Blair Twp Pct 3,Write-in,1,0013
REP United States Senator,East Bay Twp Pct 1,Mike Rogers,320,0013
REP United States Senator,East Bay Twp Pct 1,Write-in,1,0013
REP United States Senator,East Bay Twp Pct 4,Mike Rogers,306,0013
REP United States Senator,East Bay Twp Pct 4,Write-in,1,0013
REP United States Senator,East Bay Twp Pct 5,Mike Rogers,314,0013
REP United States Senator,East Bay Twp Pct 5,Write-in,2,0013
REP United States Senator,East Bay Twp Pct 6,Mike Rogers,641,0013
REP United States Senator,East Bay Twp Pct 6,Write-in,0,0013
REP United States Senator,Fife Lake Twp Pct 1,Mike Rogers,312,0013
REP United States Senator,Fife Lake Twp Pct 1,Write-in,0,0013
REP United States Senator,Garfield Twp Pct 1,Mike Rogers,351,0013
REP United States Senator,Garfield Twp Pct 1,Write-in,0,0013
REP United States Senator,Garfield Twp Pct 2,Mike Rogers,345,0013
REP United States Senator,Garfield Twp Pct 2,Write-in,1,0013
REP United States Senator,Garfield Twp Pct 3,Mike Rogers,142,0013
REP United States Senator,Garfield Twp Pct 3,Write-in,0,0013
REP United States Senator,Garfield Twp Pct 4,Mike Rogers,203,0013
REP United States Senator,Garfield Twp Pct 4,Write-in,0,0013
REP United States Senator,Garfield Twp Pct 5,Mike Rogers,414,0013
REP United States Senator,Garfield Twp Pct 5,Write-in,1,0013
REP United States Senator,Garfield Twp Pct 6,Mike Rogers,275,0013
REP United States Senator,Garfield Twp Pct 6,Write-in,1,0013
REP United States Senator,Garfield Twp Pct 7,Mike Rogers,104,0013
REP United States Senator,Garfield Twp Pct 7,Write-in,0,0013
REP United States Senator,Grant Twp Pct 1,Mike Rogers,179,0013
REP United States Senator,Grant Twp Pct 1,Write-in,0,0013
REP United States Senator,Green Lake Twp Pct 1,Mike Rogers,341,0013
REP United States Senator,Green Lake Twp Pct 1,Write-in,0,0013
REP United States Senator,Green Lake Twp Pct 2,Mike Rogers,263,0013
REP United States Senator,Green Lake Twp Pct 2,Write-in,2,0013
REP United States Senator,Green Lake Twp Pct 3,Mike Rogers,208,0013
REP United States Senator,Green Lake Twp Pct 3,Write-in,1,0013
REP United States Senator,Long Lake Twp Pct 1,Mike Rogers,640,0013
REP United States Senator,Long Lake Twp Pct 1,Write-in,4,0013
REP United States Senator,Long Lake Twp Pct 2,Mike Rogers,591,0013
REP United States Senator,Long Lake Twp Pct 2,Write-in,1,0013
REP United States Senator,Mayfield Twp Pct 1,Mike Rogers,264,0013
REP United States Senator,Mayfield Twp Pct 1,Write-in,0,0013
REP United States Senator,Paradise Twp Pct 1,Mike Rogers,376,0013
REP United States Senator,Paradise Twp Pct 1,Write-in,1,0013
REP United States Senator,Paradise Twp Pct 2,Mike Rogers,279,0013
REP United States Senator,Paradise Twp Pct 2,Write-in,0,0013
REP United States Senator,Peninsula Twp Pct 1,Mike Rogers,559,0013
REP United States Senator,Peninsula Twp Pct 1,Write-in,3,0013
REP United States Senator,Peninsula Twp Pct 2,Mike Rogers,457,0013
REP United States Senator,Peninsula Twp Pct 2,Write-in,2,0013
REP United States Senator,Union Twp Pct 1,Mike Rogers,1,0013
REP United States Senator,Union Twp Pct 1,Write-in,0,0013
REP United States Senator,Whitewater Twp Pct 1,Mike Rogers,476,0013
REP United States Senator,Whitewater Twp Pct 1,Write-in,1,0013
REP United States Senator,Traverse City Pct 1,Mike Rogers,227,0013
REP United States Senator,Traverse City Pct 1,Write-in,1,0013
REP United States Senator,Traverse City Pct 3,Mike Rogers,148,0013
REP United States Senator,Traverse City Pct 3,Write-in,1,0013
REP United States Senator,Traverse City Pct 7,Mike Rogers,157,0013
REP United States Senator,Traverse City Pct 7,Write-in,1,0013
REP United States Senator,Traverse City Pct 8,Mike Rogers,143,0013
REP United States Senator,Traverse City Pct 8,Write-in,2,0013
REP United States Senator,Traverse City Pct 9,Mike Rogers,224,0013
REP United States Senator,Traverse City Pct 9,Write-in,0,0013
REP United States Senator,Traverse City Pct 10,Mike Rogers,202,0013
REP United States Senator,Traverse City Pct 10,Write-in,2,0013
REP Representative in Congress,Acme Twp Pct 1,Jack Bergman,272,0014
REP Representative in Congress,Acme Twp Pct 1,Matthew DenOtter,57,0014
REP Representative in Congress,Acme Twp Pct 1,Justin Michal,32,0014
REP Representative in Congress,Acme Twp Pct 1,Write-in,0,0014
REP Representative in Congress,Acme Twp Pct 2,Jack Bergman,206,0014
REP Representative in Congress,Acme Twp Pct 2,Matthew DenOtter,26,0014
REP Representative in Congress,Acme Twp Pct 2,Justin Michal,17,0014
REP Representative in Congress,Acme Twp Pct 2,Write-in,0,0014
REP Representative in Congress,Blair Twp Pct 1,Jack Bergman,224,0014
REP Representative in Congress,Blair Twp Pct 1,Matthew DenOtter,55,0014
REP Representative in Congress,Blair Twp Pct 1,Justin Michal,49,0014
REP Representative in Congress,Blair Twp Pct 1,Write-in,0,0014
REP Representative in Congress,Blair Twp Pct 2,Jack Bergman,267,0014
REP Representative in Congress,Blair Twp Pct 2,Matthew DenOtter,47,0014
REP Representative in Congress,Blair Twp Pct 2,Justin Michal,41,0014
REP Representative in Congress,Blair Twp Pct 2,Write-in,0,0014
REP Representative in Congress,Blair Twp Pct 3,Jack Bergman,186,0014
REP Representative in Congress,Blair Twp Pct 3,Matthew DenOtter,30,0014
REP Representative in Congress,Blair Twp Pct 3,Justin Michal,26,0014
REP Representative in Congress,Blair Twp Pct 3,Write-in,0,0014
REP Representative in Congress,East Bay Twp Pct 1,Jack Bergman,272,0014
REP Representative in Congress,East Bay Twp Pct 1,Matthew DenOtter,30,0014
REP Representative in Congress,East Bay Twp Pct 1,Justin Michal,28,0014
REP Representative in Congress,East Bay Twp Pct 1,Write-in,0,0014
REP Representative in Congress,East Bay Twp Pct 4,Jack Bergman,247,0014
REP Representative in Congress,East Bay Twp Pct 4,Matthew DenOtter,48,0014
REP Representative in Congress,East Bay Twp Pct 4,Justin Michal,23,0014
REP Representative in Congress,East Bay Twp Pct 4,Write-in,0,0014
REP Representative in Congress,East Bay Twp Pct 5,Jack Bergman,252,0014
REP Representative in Congress,East Bay Twp Pct 5,Matthew DenOtter,44,0014
REP Representative in Congress,East Bay Twp Pct 5,Justin Michal,26,0014
REP Representative in Congress,East Bay Twp Pct 5,Write-in,2,0014
REP Representative in Congress,East Bay Twp Pct 6,Jack Bergman,480,0014
REP Representative in Congress,East Bay Twp Pct 6,Matthew DenOtter,103,0014
REP Representative in Congress,East Bay Twp Pct 6,Justin Michal,75,0014
REP Representative in Congress,East Bay Twp Pct 6,Write-in,2,0014
REP Representative in Congress,Fife Lake Twp Pct 1,Jack Bergman,259,0014
REP Representative in Congress,Fife Lake Twp Pct 1,Matthew DenOtter,33,0014
REP Representative in Congress,Fife Lake Twp Pct 1,Justin Michal,29,0014
REP Representative in Congress,Fife Lake Twp Pct 1,Write-in,1,0014
REP Representative in Congress,Garfield Twp Pct 1,Jack Bergman,309,0014
REP Representative in Congress,Garfield Twp Pct 1,Matthew DenOtter,41,0014
REP Representative in Congress,Garfield Twp Pct 1,Justin Michal,26,0014
REP Representative in Congress,Garfield Twp Pct 1,Write-in,0,0014
REP Representative in Congress,Garfield Twp Pct 2,Jack Bergman,262,0014
REP Representative in Congress,Garfield Twp Pct 2,Matthew DenOtter,66,0014
REP Representative in Congress,Garfield Twp Pct 2,Justin Michal,38,0014
REP Representative in Congress,Garfield Twp Pct 2,Write-in,0,0014
REP Representative in Congress,Garfield Twp Pct 3,Jack Bergman,111,0014
REP Representative in Congress,Garfield Twp Pct 3,Matthew DenOtter,25,0014
REP Representative in Congress,Garfield Twp Pct 3,Justin Michal,14,0014
REP Representative in Congress,Garfield Twp Pct 3,Write-in,0,0014
REP Representative in Congress,Garfield Twp Pct 4,Jack Bergman,160,0014
REP Representative in Congress,Garfield Twp Pct 4,Matthew DenOtter,33,0014
REP Representative in Congress,Garfield Twp Pct 4,Justin Michal,12,0014
REP Representative in Congress,Garfield Twp Pct 4,Write-in,0,0014
REP Representative in Congress,Garfield Twp Pct 5,Jack Bergman,341,0014
REP Representative in Congress,Garfield Twp Pct 5,Matthew DenOtter,36,0014
REP Representative in Congress,Garfield Twp Pct 5,Justin Michal,46,0014
REP Representative in Congress,Garfield Twp Pct 5,Write-in,0,0014
REP Representative in Congress,Garfield Twp Pct 6,Jack Bergman,217,0014
REP Representative in Congress,Garfield Twp Pct 6,Matthew DenOtter,46,0014
REP Representative in Congress,Garfield Twp Pct 6,Justin Michal,17,0014
REP Representative in Congress,Garfield Twp Pct 6,Write-in,1,0014
REP Representative in Congress,Garfield Twp Pct 7,Jack Bergman,76,0014
REP Representative in Congress,Garfield Twp Pct 7,Matthew DenOtter,25,0014
REP Representative in Congress,Garfield Twp Pct 7,Justin Michal,13,0014
REP Representative in Congress,Garfield Twp Pct 7,Write-in,0,0014
REP Representative in Congress,Grant Twp Pct 1,Jack Bergman,142,0014
REP Representative in Congress,Grant Twp Pct 1,Matthew DenOtter,20,0014
REP Representative in Congress,Grant Twp Pct 1,Justin Michal,21,0014
REP Representative in Congress,Grant Twp Pct 1,Write-in,0,0014
REP Representative in Congress,Green Lake Twp Pct 1,Jack Bergman,258,0014
REP Representative in Congress,Green Lake Twp Pct 1,Matthew DenOtter,48,0014
REP Representative in Congress,Green Lake Twp Pct 1,Justin Michal,46,0014
REP Representative in Congress,Green Lake Twp Pct 1,Write-in,0,0014
REP Representative in Congress,Green Lake Twp Pct 2,Jack Bergman,196,0014
REP Representative in Congress,Green Lake Twp Pct 2,Matthew DenOtter,31,0014
REP Representative in Congress,Green Lake Twp Pct 2,Justin Michal,43,0014
REP Representative in Congress,Green Lake Twp Pct 2,Write-in,0,0014
REP Representative in Congress,Green Lake Twp Pct 3,Jack Bergman,148,0014
REP Representative in Congress,Green Lake Twp Pct 3,Matthew DenOtter,24,0014
REP Representative in Congress,Green Lake Twp Pct 3,Justin Michal,40,0014
REP Representative in Congress,Green Lake Twp Pct 3,Write-in,1,0014
REP Representative in Congress,Long Lake Twp Pct 1,Jack Bergman,517,0014
REP Representative in Congress,Long Lake Twp Pct 1,Matthew DenOtter,73,0014
REP Representative in Congress,Long Lake Twp Pct 1,Justin Michal,75,0014
REP Representative in Congress,Long Lake Twp Pct 1,Write-in,0,0014
REP Representative in Congress,Long Lake Twp Pct 2,Jack Bergman,458,0014
REP Representative in Congress,Long Lake Twp Pct 2,Matthew DenOtter,85,0014
REP Representative in Congress,Long Lake Twp Pct 2,Justin Michal,70,0014
REP Representative in Congress,Long Lake Twp Pct 2,Write-in,1,0014
REP Representative in Congress,Mayfield Twp Pct 1,Jack Bergman,205,0014
REP Representative in Congress,Mayfield Twp Pct 1,Matthew DenOtter,27,0014
REP Representative in Congress,Mayfield Twp Pct 1,Justin Michal,32,0014
REP Representative in Congress,Mayfield Twp Pct 1,Write-in,0,0014
REP Representative in Congress,Paradise Twp Pct 1,Jack Bergman,299,0014
REP Representative in Congress,Paradise Twp Pct 1,Matthew DenOtter,54,0014
REP Representative in Congress,Paradise Twp Pct 1,Justin Michal,32,0014
REP Representative in Congress,Paradise Twp Pct 1,Write-in,0,0014
REP Representative in Congress,Paradise Twp Pct 2,Jack Bergman,220,0014
REP Representative in Congress,Paradise Twp Pct 2,Matthew DenOtter,42,0014
REP Representative in Congress,Paradise Twp Pct 2,Justin Michal,24,0014
REP Representative in Congress,Paradise Twp Pct 2,Write-in,0,0014
REP Representative in Congress,Peninsula Twp Pct 1,Jack Bergman,467,0014
REP Representative in Congress,Peninsula Twp Pct 1,Matthew DenOtter,60,0014
REP Representative in Congress,Peninsula Twp Pct 1,Justin Michal,52,0014
REP Representative in Congress,Peninsula Twp Pct 1,Write-in,3,0014
REP Representative in Congress,Peninsula Twp Pct 2,Jack Bergman,383,0014
REP Representative in Congress,Peninsula Twp Pct 2,Matthew DenOtter,54,0014
REP Representative in Congress,Peninsula Twp Pct 2,Justin Michal,33,0014
REP Representative in Congress,Peninsula Twp Pct 2,Write-in,0,0014
REP Representative in Congress,Union Twp Pct 1,Jack Bergman,56,0014
REP Representative in Congress,Union Twp Pct 1,Matthew DenOtter,13,0014
REP Representative in Congress,Union Twp Pct 1,Justin Michal,9,0014
REP Representative in Congress,Union Twp Pct 1,Write-in,0,0014
REP Representative in Congress,Whitewater Twp Pct 1,Jack Bergman,371,0014
REP Representative in Congress,Whitewater Twp Pct 1,Matthew DenOtter,59,0014
REP Representative in Congress,Whitewater Twp Pct 1,Justin Michal,61,0014
REP Representative in Congress,Whitewater Twp Pct 1,Write-in,0,0014
REP Representative in Congress,Traverse City Pct 1,Jack Bergman,196,0014
REP Representative in Congress,Traverse City Pct 1,Matthew DenOtter,25,0014
REP Representative in Congress,Traverse City Pct 1,Justin Michal,18,0014
REP Representative in Congress,Traverse City Pct 1,Write-in,1,0014
REP Representative in Congress,Traverse City Pct 3,Jack Bergman,112,0014
REP Representative in Congress,Traverse City Pct 3,Matthew DenOtter,23,0014
REP Representative in Congress,Traverse City Pct 3,Justin Michal,14,0014
REP Representative in Congress,Traverse City Pct 3,Write-in,0,0014
REP Representative in Congress,Traverse City Pct 7,Jack Bergman,116,0014
REP Representative in Congress,Traverse City Pct 7,Matthew DenOtter,26,0014
REP Representative in Congress,Traverse City Pct 7,Justin Michal,21,0014
REP Representative in Congress,Traverse City Pct 7,Write-in,0,0014
REP Representative in Congress,Traverse City Pct 8,Jack Bergman,111,0014
REP Representative in Congress,Traverse City Pct 8,Matthew DenOtter,23,0014
REP Representative in Congress,Traverse City Pct 8,Justin Michal,21,0014
REP Representative in Congress,Traverse City Pct 8,Write-in,0,0014
REP Representative in Congress,Traverse City Pct 9,Jack Bergman,179,0014
REP Representative in Congress,Traverse City Pct 9,Matthew DenOtter,37,0014
REP Representative in Congress,Traverse City Pct 9,Justin Michal,16,0014
REP Representative in Congress,Traverse City Pct 9,Write-in,0,0014
REP Representative in Congress,Traverse City Pct 10,Jack Bergman,150,0014
REP Representative in Congress,Traverse City Pct 10,Matthew DenOtter,41,0014
REP Representative in Congress,Traverse City Pct 10,Justin Michal,24,0014
REP Representative in Congress,Traverse City Pct 10,Write-in,0,0014
REP State Senator,Acme Twp Pct 1,John Damoose,333,0015
REP State Senator,Acme Twp Pct 1,Write-in,1,0015
REP State Senator,Acme Twp Pct 2,John Damoose,242,0015
REP State Senator,Acme Twp Pct 2,Write-in,0,0015
REP State Senator,Blair Twp Pct 1,John Damoose,325,0015
REP State Senator,Blair Twp Pct 1,Write-in,0,0015
REP State Senator,Blair Twp Pct 2,John Damoose,340,0015
REP State Senator,Blair Twp Pct 2,Write-in,0,0015
REP State Senator,Blair Twp Pct 3,John Damoose,230,0015
REP State Senator,Blair Twp Pct 3,Write-in,1,0015
REP State Senator,East Bay Twp Pct 1,John Damoose,312,0015
REP State Senator,East Bay Twp Pct 1,Write-in,0,0015
REP State Senator,East Bay Twp Pct 4,John Damoose,305,0015
REP State Senator,East Bay Twp Pct 4,Write-in,1,0015
REP State Senator,East Bay Twp Pct 5,John Damoose,309,0015
REP State Senator,East Bay Twp Pct 5,Write-in,0,0015
REP State Senator,East Bay Twp Pct 6,John Damoose,630,0015
REP State Senator,East Bay Twp Pct 6,Write-in,0,0015
REP State Senator,Fife Lake Twp Pct 1,John Damoose,303,0015
REP State Senator,Fife Lake Twp Pct 1,Write-in,1,0015
REP State Senator,Garfield Twp Pct 1,John Damoose,349,0015
REP State Senator,Garfield Twp Pct 1,Write-in,1,0015
REP State Senator,Garfield Twp Pct 2,John Damoose,355,0015
REP State Senator,Garfield Twp Pct 2,Write-in,1,0015
REP State Senator,Garfield Twp Pct 3,John Damoose,140,0015
REP State Senator,Garfield Twp Pct 3,Write-in,0,0015
REP State Senator,Garfield Twp Pct 4,John Damoose,204,0015
REP State Senator,Garfield Twp Pct 4,Write-in,0,0015
REP State Senator,Garfield Twp Pct 5,John Damoose,408,0015
REP State Senator,Garfield Twp Pct 5,Write-in,1,0015
REP State Senator,Garfield Twp Pct 6,John Damoose,272,0015
REP State Senator,Garfield Twp Pct 6,Write-in,1,0015
REP State Senator,Garfield Twp Pct 7,John Damoose,103,0015
REP State Senator,Garfield Twp Pct 7,Write-in,1,0015
REP State Senator,Grant Twp Pct 1,John Damoose,174,0015
REP State Senator,Grant Twp Pct 1,Write-in,1,0015
REP State Senator,Green Lake Twp Pct 1,John Damoose,330,0015
REP State Senator,Green Lake Twp Pct 1,Write-in,0,0015
REP State Senator,Green Lake Twp Pct 2,John Damoose,257,0015
REP State Senator,Green Lake Twp Pct 2,Write-in,1,0015
REP State Senator,Green Lake Twp Pct 3,John Damoose,205,0015
REP State Senator,Green Lake Twp Pct 3,Write-in,1,0015
REP State Senator,Long Lake Twp Pct 1,John Damoose,636,0015
REP State Senator,Long Lake Twp Pct 1,Write-in,0,0015
REP State Senator,Long Lake Twp Pct 2,John Damoose,584,0015
REP State Senator,Long Lake Twp Pct 2,Write-in,2,0015
REP State Senator,Mayfield Twp Pct 1,John Damoose,257,0015
REP State Senator,Mayfield Twp Pct 1,Write-in,0,0015
REP State Senator,Paradise Twp Pct 1,John Damoose,360,0015
REP State Senator,Paradise Twp Pct 1,Write-in,4,0015
REP State Senator,Paradise Twp Pct 2,John Damoose,273,0015
REP State Senator,Paradise Twp Pct 2,Write-in,0,0015
REP State Senator,Peninsula Twp Pct 1,John Damoose,545,0015
REP State Senator,Peninsula Twp Pct 1,Write-in,3,0015
REP State Senator,Peninsula Twp Pct 2,John Damoose,449,0015
REP State Senator,Peninsula Twp Pct 2,Write-in,0,0015
REP State Senator,Union Twp Pct 1,John Damoose,74,0015
REP State Senator,Union Twp Pct 1,Write-in,1,0015
REP State Senator,Whitewater Twp Pct 1,John Damoose,465,0015
REP State Senator,Whitewater Twp Pct 1,Write-in,2,0015
REP State Senator,Traverse City Pct 1,John Damoose,226,0015
REP State Senator,Traverse City Pct 1,Write-in,2,0015
REP State Senator,Traverse City Pct 3,John Damoose,144,0015
REP State Senator,Traverse City Pct 3,Write-in,1,0015
REP State Senator,Traverse City Pct 7,John Damoose,154,0015
REP State Senator,Traverse City Pct 7,Write-in,0,0015
REP State Senator,Traverse City Pct 8,John Damoose,140,0015
REP State Senator,Traverse City Pct 8,Write-in,0,0015
REP State Senator,Traverse City Pct 9,John Damoose,219,0015
REP State Senator,Traverse City Pct 9,Write-in,0,0015
REP State Senator,Traverse City Pct 10,John Damoose,200,0015
REP State Senator,Traverse City Pct 10,Write-in,2,0015
REP Representative in State Legislature 103rd District,Acme Twp Pct 1,Edwin B. Dean,319,0016
REP Representative in State Legislature 103rd District,Acme Twp Pct 1,Write-in,1,0016
REP Representative in State Legislature 103rd District,Acme Twp Pct 2,Edwin B. Dean,231,0016
REP Representative in State Legislature 103rd District,Acme Twp Pct 2,Write-in,0,0016
REP Representative in State Legislature 103rd District,East Bay Twp Pct 1,Edwin B. Dean,306,0016
REP Representative in State Legislature 103rd District,East Bay Twp Pct 1,Write-in,0,0016
REP Representative in State Legislature 103rd District,East Bay Twp Pct 4,Edwin B. Dean,282,0016
REP Representative in State Legislature 103rd District,East Bay Twp Pct 4,Write-in,1,0016
REP Representative in State Legislature 103rd District,East Bay Twp Pct 5,Edwin B. Dean,288,0016
REP Representative in State Legislature 103rd District,East Bay Twp Pct 5,Write-in,0,0016
REP Representative in State Legislature 103rd District,East Bay Twp Pct 6,Edwin B. Dean,600,0016
REP Representative in State Legislature 103rd District,East Bay Twp Pct 6,Write-in,1,0016
REP Representative in State Legislature 103rd District,Garfield Twp Pct 1,Edwin B. Dean,335,0016
REP Representative in State Legislature 103rd District,Garfield Twp Pct 1,Write-in,1,0016
REP Representative in State Legislature 103rd District,Garfield Twp Pct 2,Edwin B. Dean,334,0016
REP Representative in State Legislature 103rd District,Garfield Twp Pct 2,Write-in,2,0016
REP Representative in State Legislature 103rd District,Garfield Twp Pct 3,Edwin B. Dean,135,0016
REP Representative in State Legislature 103rd District,Garfield Twp Pct 3,Write-in,0,0016
REP Representative in State Legislature 103rd District,Garfield Twp Pct 4,Edwin B. Dean,195,0016
REP Representative in State Legislature 103rd District,Garfield Twp Pct 4,Write-in,0,0016
REP Representative in State Legislature 103rd District,Garfield Twp Pct 5,Edwin B. Dean,384,0016
REP Representative in State Legislature 103rd District,Garfield Twp Pct 5,Write-in,1,0016
REP Representative in State Legislature 103rd District,Garfield Twp Pct 6,Edwin B. Dean,258,0016
REP Representative in State Legislature 103rd District,Garfield Twp Pct 6,Write-in,0,0016
REP Representative in State Legislature 103rd District,Garfield Twp Pct 7,Edwin B. Dean,101,0016
REP Representative in State Legislature 103rd District,Garfield Twp Pct 7,Write-in,0,0016
REP Representative in State Legislature 103rd District,Long Lake Twp Pct 1,Edwin B. Dean,597,0016
REP Representative in State Legislature 103rd District,Long Lake Twp Pct 1,Write-in,2,0016
REP Representative in State Legislature 103rd District,Long Lake Twp Pct 2,Edwin B. Dean,554,0016
REP Representative in State Legislature 103rd District,Long Lake Twp Pct 2,Write-in,0,0016
REP Representative in State Legislature 103rd District,Peninsula Twp Pct 1,Edwin B. Dean,523,0016
REP Representative in State Legislature 103rd District,Peninsula Twp Pct 1,Write-in,4,0016
REP Representative in State Legislature 103rd District,Peninsula Twp Pct 2,Edwin B. Dean,427,0016
REP Representative in State Legislature 103rd District,Peninsula Twp Pct 2,Write-in,1,0016
REP Representative in State Legislature 103rd District,Traverse City Pct 1,Edwin B. Dean,220,0016
REP Representative in State Legislature 103rd District,Traverse City Pct 1,Write-in,2,0016
REP Representative in State Legislature 103rd District,Traverse City Pct 3,Edwin B. Dean,141,0016
REP Representative in State Legislature 103rd District,Traverse City Pct 3,Write-in,0,0016
REP Representative in State Legislature 103rd District,Traverse City Pct 7,Edwin B. Dean,150,0016
REP Representative in State Legislature 103rd District,Traverse City Pct 7,Write-in,0,0016
REP Representative in State Legislature 103rd District,Traverse City Pct 8,Edwin B. Dean,129,0016
REP Representative in State Legislature 103rd District,Traverse City Pct 8,Write-in,0,0016
REP Representative in State Legislature 103rd District,Traverse City Pct 9,Edwin B. Dean,209,0016
REP Representative in State Legislature 103rd District,Traverse City Pct 9,Write-in,1,0016
REP Representative in State Legislature 103rd District,Traverse City Pct 10,Edwin B. Dean,195,0016
REP Representative in State Legislature 103rd District,Traverse City Pct 10,Write-in,2,0016
REP Representative in State Legislature 104th District,Blair Twp Pct 1,John R. Roth,317,0017
REP Representative in State Legislature 104th District,Blair Twp Pct 1,Write-in,2,0017
REP Representative in State Legislature 104th District,Blair Twp Pct 2,John R. Roth,177,0017
REP Representative in State Legislature 104th District,Blair Twp Pct 2,Write-in,0,0017
REP Representative in State Legislature 104th District,Blair Twp Pct 3,John R. Roth,232,0017
REP Representative in State Legislature 104th District,Blair Twp Pct 3,Write-in,1,0017
REP Representative in State Legislature 104th District,Fife Lake Twp Pct 1,John R. Roth,296,0017
REP Representative in State Legislature 104th District,Fife Lake Twp Pct 1,Write-in,1,0017
REP Representative in State Legislature 104th District,Grant Twp Pct 1,John R. Roth,179,0017
REP Representative in State Legislature 104th District,Grant Twp Pct 1,Write-in,0,0017
REP Representative in State Legislature 104th District,Green Lake Twp Pct 1,John R. Roth,339,0017
REP Representative in State Legislature 104th District,Green Lake Twp Pct 1,Write-in,0,0017
REP Representative in State Legislature 104th District,Green Lake Twp Pct 2,John R. Roth,262,0017
REP Representative in State Legislature 104th District,Green Lake Twp Pct 2,Write-in,1,0017
REP Representative in State Legislature 104th District,Green Lake Twp Pct 3,John R. Roth,202,0017
REP Representative in State Legislature 104th District,Green Lake Twp Pct 3,Write-in,2,0017
REP Representative in State Legislature 104th District,Mayfield Twp Pct 1,John R. Roth,259,0017
REP Representative in State Legislature 104th District,Mayfield Twp Pct 1,Write-in,1,0017
REP Representative in State Legislature 104th District,Paradise Twp Pct 1,John R. Roth,365,0017
REP Representative in State Legislature 104th District,Paradise Twp Pct 1,Write-in,4,0017
REP Representative in State Legislature 104th District,Paradise Twp Pct 2,John R. Roth,272,0017
REP Representative in State Legislature 104th District,Paradise Twp Pct 2,Write-in,2,0017
REP Representative in State Legislature 104th District,Union Twp Pct 1,John R. Roth,75,0017
REP Representative in State Legislature 104th District,Union Twp Pct 1,Write-in,1,0017
REP Representative in State Legislature 104th District,Whitewater Twp Pct 1,John R. Roth,458,0017
REP Representative in State Legislature 104th District,Whitewater Twp Pct 1,Write-in,2,0017
"Emergency Services, Fire, and Ambulance Operating and",Green Lake Twp Pct 1,Yes,477,0018
"Emergency Services, Fire, and Ambulance Operating and",Green Lake Twp Pct 1,No,270,0018
"Emergency Services, Fire, and Ambulance Operating and",Green Lake Twp Pct 2,Yes,407,0018
"Emergency Services, Fire, and Ambulance Operating and",Green Lake Twp Pct 2,No,202,0018
"Emergency Services, Fire, and Ambulance Operating and",Green Lake Twp Pct 3,Yes,353,0018
"Emergency Services, Fire, and Ambulance Operating and",Green Lake Twp Pct 3,No,163,0018
"Advanced Life Support, Emergency, Fire and Ambulance O",Green Lake Twp Pct 1,Yes,488,0019
"Advanced Life Support, Emergency, Fire and Ambulance O",Green Lake Twp Pct 1,No,259,0019
"Advanced Life Support, Emergency, Fire and Ambulance O",Green Lake Twp Pct 2,Yes,412,0019
"Advanced Life Support, Emergency, Fire and Ambulance O",Green Lake Twp Pct 2,No,195,0019
"Advanced Life Support, Emergency, Fire and Ambulance O",Green Lake Twp Pct 3,Yes,370,0019
"Advanced Life Support, Emergency, Fire and Ambulance O",Green Lake Twp Pct 3,No,146,0019
Fire and Ambulance Emergency Services Millage Renewal,Grant Twp Pct 1,Yes,226,0020
Fire and Ambulance Emergency Services Millage Renewal,Grant Twp Pct 1,No,99,0020
Township Emergency and Fire Services Millage Renewal,Paradise Twp Pct 1,Yes,485,0021
Township Emergency and Fire Services Millage Renewal,Paradise Twp Pct 1,No,210,0021
Township Emergency and Fire Services Millage Renewal,Paradise Twp Pct 2,Yes,370,0021
Township Emergency and Fire Services Millage Renewal,Paradise Twp Pct 2,No,133,0021
Proposal to Vacate the Incorporation of the Fife Lake,Fife Lake Twp Pct 1,No,93,0022
Proposal to Vacate the Incorporation of the Fife Lake,Fife Lake Twp Pct 1,Yes,85,0022
Benzie County Central Schools Operating Millage Propos,Grant Twp Pct 1,No,16,0023
Benzie County Central Schools Operating Millage Propos,Grant Twp Pct 1,Yes,3,0023
Benzie County Central Schools Sinking Fund Millage Pro,Grant Twp Pct 1,No,13,0024
Benzie County Central Schools Sinking Fund Millage Pro,Grant Twp Pct 1,Yes,2,0024
Buckley Community Schools    Operating Millage Proposa,Grant Twp Pct 1,Yes,133,0025
Buckley Community Schools    Operating Millage Proposa,Grant Twp Pct 1,No,71,0025
Buckley Community Schools    Operating Millage Proposa,Green Lake Twp Pct 1,Yes,2,0025
Buckley Community Schools    Operating Millage Proposa,Green Lake Twp Pct 1,No,0,0025
Buckley Community Schools    Operating Millage Proposa,Mayfield Twp Pct 1,Yes,53,0025
Buckley Community Schools    Operating Millage Proposa,Mayfield Twp Pct 1,No,42,0025
Manton Consolidated Schools Operating Millage Renewal,Fife Lake Twp Pct 1,Yes,3,0026
Manton Consolidated Schools Operating Millage Renewal,Fife Lake Twp Pct 1,No,1,0026
Kingsley Area Schools Operating Millage Proposal Kings,Blair Twp Pct 1,Yes,2,0027
Kingsley Area Schools Operating Millage Proposal Kings,Blair Twp Pct 1,No,1,0027
Kingsley Area Schools Operating Millage Proposal Kings,Blair Twp Pct 2,Yes,50,0027
Kingsley Area Schools Operating Millage Proposal Kings,Blair Twp Pct 2,No,69,0027
Kingsley Area Schools Operating Millage Proposal Kings,Fife Lake Twp Pct 1,Yes,77,0027
Kingsley Area Schools Operating Millage Proposal Kings,Fife Lake Twp Pct 1,No,87,0027
Kingsley Area Schools Operating Millage Proposal Kings,Grant Twp Pct 1,Yes,2,0027
Kingsley Area Schools Operating Millage Proposal Kings,Grant Twp Pct 1,No,4,0027
Kingsley Area Schools Operating Millage Proposal Kings,Green Lake Twp Pct 1,Yes,55,0027
Kingsley Area Schools Operating Millage Proposal Kings,Green Lake Twp Pct 1,No,70,0027
Kingsley Area Schools Operating Millage Proposal Kings,Mayfield Twp Pct 1,Yes,169,0027
Kingsley Area Schools Operating Millage Proposal Kings,Mayfield Twp Pct 1,No,164,0027
Kingsley Area Schools Operating Millage Proposal Kings,Paradise Twp Pct 1,Yes,417,0027
Kingsley Area Schools Operating Millage Proposal Kings,Paradise Twp Pct 1,No,288,0027
Kingsley Area Schools Operating Millage Proposal Kings,Paradise Twp Pct 2,Yes,316,0027
Kingsley Area Schools Operating Millage Proposal Kings,Paradise Twp Pct 2,No,191,0027
Kingsley Area Schools Operating Millage Proposal Kings,Union Twp Pct 1,Yes,21,0027
Kingsley Area Schools Operating Millage Proposal Kings,Union Twp Pct 1,No,11,0027
