1009	Republican Primary	United States Senator 6-Year Term	State of Michigan
1008	Democratic Primary	United States Senator 6-Year Term	State of Michigan
1011	Republican Primary	Representative in Congress 2-Year Term	Congressional District 9
1010	Democratic Primary	Representative in Congress 2-Year Term	Congressional District 9
1013	Republican Primary	Representative in Congress 2-Year Term	Congressional District 10
1012	Democratic Primary	Representative in Congress 2-Year Term	Congressional District 10
1015	Republican Primary	Representative in State Legislature 2-Year Term	District 18
1014	Democratic Primary	Representative in State Legislature 2-Year Term	District 18
1017	Republican Primary	Representative in State Legislature 2-Year Term	District 22
1016	Democratic Primary	Representative in State Legislature 2-Year Term	District 22
1019	Republican Primary	Representative in State Legislature 2-Year Term	District 24
1018	Democratic Primary	Representative in State Legislature 2-Year Term	District 24
1021	Republican Primary	Representative in State Legislature 2-Year Term	District 25
1020	Democratic Primary	Representative in State Legislature 2-Year Term	District 25
1023	Republican Primary	Representative in State Legislature 2-Year Term	District 28
1022	Democratic Primary	Representative in State Legislature 2-Year Term	District 28
1025	Republican Primary	Representative in State Legislature 2-Year Term	District 30
1024	Democratic Primary	Representative in State Legislature 2-Year Term	District 30
1027	Republican Primary	Representative in State Legislature 2-Year Term	District 31
1026	Democratic Primary	Representative in State Legislature 2-Year Term	District 31
1029	Republican Primary	Representative in State Legislature 2-Year Term	District 32
1028	Democratic Primary	Representative in State Legislature 2-Year Term	District 32
1031	Republican Primary	Representative in State Legislature 2-Year Term	District 33
1030	Democratic Primary	Representative in State Legislature 2-Year Term	District 33
1033	Republican Primary	Representative in State Legislature 2-Year Term	District 36
1032	Democratic Primary	Representative in State Legislature 2-Year Term	District 36
1035	Republican Primary	Prosecuting Attorney 4-Year Term	Macomb County
1034	Democratic Primary	Prosecuting Attorney 4-Year Term	Macomb County
1037	Republican Primary	Sheriff 4-Year Term	Macomb County
1036	Democratic Primary	Sheriff 4-Year Term	Macomb County
1039	Republican Primary	Clerk-Register of Deeds 4-Year Term	Macomb County
1038	Democratic Primary	Clerk-Register of Deeds 4-Year Term	Macomb County
1041	Republican Primary	County Treasurer 4-Year Term	Macomb County
1040	Democratic Primary	County Treasurer 4-Year Term	Macomb County
1043	Republican Primary	Public Works Commissioner 4-Year Term	Macomb County
1042	Democratic Primary	Public Works Commissioner 4-Year Term	Macomb County
1045	Republican Primary	County Commissioner 2-Year Term	District 1
1044	Democratic Primary	County Commissioner 2-Year Term	District 1
1047	Republican Primary	County Commissioner 2-Year Term	District 2
1046	Democratic Primary	County Commissioner 2-Year Term	District 2
1154	Republican Primary	County Commissioner 2-Year Term	District 3
1048	Democratic Primary	County Commissioner 2-Year Term	District 3
1050	Republican Primary	County Commissioner 2-Year Term	District 4
1049	Democratic Primary	County Commissioner 2-Year Term	District 4
1052	Republican Primary	County Commissioner 2-Year Term	District 5
1051	Democratic Primary	County Commissioner 2-Year Term	District 5
1054	Republican Primary	County Commissioner 2-Year Term	District 6
1053	Democratic Primary	County Commissioner 2-Year Term	District 6
1056	Republican Primary	County Commissioner 2-Year Term	District 7
1055	Democratic Primary	County Commissioner 2-Year Term	District 7
1058	Republican Primary	County Commissioner 2-Year Term	District 8
1057	Democratic Primary	County Commissioner 2-Year Term	District 8
1060	Republican Primary	County Commissioner 2-Year Term	District 9
1059	Democratic Primary	County Commissioner 2-Year Term	District 9
1062	Republican Primary	County Commissioner 2-Year Term	District 10
1061	Democratic Primary	County Commissioner 2-Year Term	District 10
1064	Republican Primary	County Commissioner 2-Year Term	District 11
1063	Democratic Primary	County Commissioner 2-Year Term	District 11
1066	Republican Primary	County Commissioner 2-Year Term	District 12
1065	Democratic Primary	County Commissioner 2-Year Term	District 12
1068	Republican Primary	County Commissioner 2-Year Term	District 13
1067	Democratic Primary	County Commissioner 2-Year Term	District 13
1070	Republican Primary	Township Supervisor 4-Year Term	Armada Township
1069	Democratic Primary	Township Supervisor 4-Year Term	Armada Township
1078	Republican Primary	Township Supervisor 4-Year Term	Bruce Township
1077	Democratic Primary	Township Supervisor 4-Year Term	Bruce Township
1086	Republican Primary	Township Supervisor 4-Year Term	Chesterfield Township
1085	Democratic Primary	Township Supervisor 4-Year Term	Chesterfield Township
1094	Republican Primary	Township Supervisor 4-Year Term	Clinton Township
1093	Democratic Primary	Township Supervisor 4-Year Term	Clinton Township
1102	Republican Primary	Township Supervisor 4-Year Term	Harrison Township
1101	Democratic Primary	Township Supervisor 4-Year Term	Harrison Township
1110	Republican Primary	Township Supervisor 4-Year Term	Lenox Township
1109	Democratic Primary	Township Supervisor 4-Year Term	Lenox Township
1115	Republican Primary	Township Supervisor 4-Year Term	Macomb Township
1114	Democratic Primary	Township Supervisor 4-Year Term	Macomb Township
1123	Republican Primary	Township Supervisor 4-Year Term	Ray Township
1122	Democratic Primary	Township Supervisor 4-Year Term	Ray Township
1131	Republican Primary	Township Supervisor 4-Year Term	Richmond Township
1130	Democratic Primary	Township Supervisor 4-Year Term	Richmond Township
1139	Republican Primary	Township Supervisor 4-Year Term	Shelby Township
1138	Democratic Primary	Township Supervisor 4-Year Term	Shelby Township
1147	Republican Primary	Township Supervisor 4-Year Term	Washington Township
1146	Democratic Primary	Township Supervisor 4-Year Term	Washington Township
1072	Republican Primary	Township Clerk 4-Year Term	Armada Township
1071	Democratic Primary	Township Clerk 4-Year Term	Armada Township
1080	Republican Primary	Township Clerk 4-Year Term	Bruce Township
1079	Democratic Primary	Township Clerk 4-Year Term	Bruce Township
1088	Republican Primary	Township Clerk 4-Year Term	Chesterfield Township
1087	Democratic Primary	Township Clerk 4-Year Term	Chesterfield Township
1096	Republican Primary	Township Clerk 4-Year Term	Clinton Township
1095	Democratic Primary	Township Clerk 4-Year Term	Clinton Township
1104	Republican Primary	Township Clerk 4-Year Term	Harrison Township
1103	Democratic Primary	Township Clerk 4-Year Term	Harrison Township
1155	Republican Primary	Township Clerk 4-Year Term	Lenox Township
1111	Democratic Primary	Township Clerk 4-Year Term	Lenox Township
1117	Republican Primary	Township Clerk 4-Year Term	Macomb Township
1116	Democratic Primary	Township Clerk 4-Year Term	Macomb Township
1125	Republican Primary	Township Clerk 4-Year Term	Ray Township
1124	Democratic Primary	Township Clerk 4-Year Term	Ray Township
1133	Republican Primary	Township Clerk 4-Year Term	Richmond Township
1132	Democratic Primary	Township Clerk 4-Year Term	Richmond Township
1141	Republican Primary	Township Clerk 4-Year Term	Shelby Township
1140	Democratic Primary	Township Clerk 4-Year Term	Shelby Township
1149	Republican Primary	Township Clerk 4-Year Term	Washington Township
1148	Democratic Primary	Township Clerk 4-Year Term	Washington Township
1074	Republican Primary	Township Treasurer 4-Year Term	Armada Township
1073	Democratic Primary	Township Treasurer 4-Year Term	Armada Township
1082	Republican Primary	Township Treasurer 4-Year Term	Bruce Township
1081	Democratic Primary	Township Treasurer 4-Year Term	Bruce Township
1090	Republican Primary	Township Treasurer 4-Year Term	Chesterfield Township
1089	Democratic Primary	Township Treasurer 4-Year Term	Chesterfield Township
1098	Republican Primary	Township Treasurer 4-Year Term	Clinton Township
1097	Democratic Primary	Township Treasurer 4-Year Term	Clinton Township
1106	Republican Primary	Township Treasurer 4-Year Term	Harrison Township
1105	Democratic Primary	Township Treasurer 4-Year Term	Harrison Township
1156	Republican Primary	Township Treasurer 4-Year Term	Lenox Township
1112	Democratic Primary	Township Treasurer 4-Year Term	Lenox Township
1119	Republican Primary	Township Treasurer 4-Year Term	Macomb Township
1118	Democratic Primary	Township Treasurer 4-Year Term	Macomb Township
1127	Republican Primary	Township Treasurer 4-Year Term	Ray Township
1126	Democratic Primary	Township Treasurer 4-Year Term	Ray Township
1135	Republican Primary	Township Treasurer 4-Year Term	Richmond Township
1134	Democratic Primary	Township Treasurer 4-Year Term	Richmond Township
1143	Republican Primary	Township Treasurer 4-Year Term	Shelby Township
1142	Democratic Primary	Township Treasurer 4-Year Term	Shelby Township
1151	Republican Primary	Township Treasurer 4-Year Term	Washington Township
1150	Democratic Primary	Township Treasurer 4-Year Term	Washington Township
1007	Primary Election	City Commissioner Partial term ending 11/08/2021	Mount Clemens City
1076	Republican Primary	Township Trustee 4-Year Term	Armada Township
1075	Democratic Primary	Township Trustee 4-Year Term	Armada Township
1084	Republican Primary	Township Trustee 4-Year Term	Bruce Township
1083	Democratic Primary	Township Trustee 4-Year Term	Bruce Township
1092	Republican Primary	Township Trustee 4-Year Term	Chesterfield Township
1091	Democratic Primary	Township Trustee 4-Year Term	Chesterfield Township
1100	Republican Primary	Township Trustee 4-Year Term	Clinton Township
1099	Democratic Primary	Township Trustee 4-Year Term	Clinton Township
1108	Republican Primary	Township Trustee 4-Year Term	Harrison Township
1107	Democratic Primary	Township Trustee 4-Year Term	Harrison Township
1157	Republican Primary	Township Trustee 4-Year Term	Lenox Township
1113	Democratic Primary	Township Trustee 4-Year Term	Lenox Township
1121	Republican Primary	Township Trustee 4-Year Term	Macomb Township
1120	Democratic Primary	Township Trustee 4-Year Term	Macomb Township
1129	Republican Primary	Township Trustee 4-Year Term	Ray Township
1128	Democratic Primary	Township Trustee 4-Year Term	Ray Township
1137	Republican Primary	Township Trustee 4-Year Term	Richmond Township
1136	Democratic Primary	Township Trustee 4-Year Term	Richmond Township
1145	Republican Primary	Township Trustee 4-Year Term	Shelby Township
1144	Democratic Primary	Township Trustee 4-Year Term	Shelby Township
1153	Republican Primary	Township Trustee 4-Year Term	Washington Township
1152	Democratic Primary	Township Trustee 4-Year Term	Washington Township
2027	Republican Primary	Precinct Delegate	Precinct Washington Township, Precinct 1
3456	Democratic Primary	Precinct Delegate	Precinct Washington Township, Precinct 1
2036	Republican Primary	Precinct Delegate	Precinct Washington Township, Precinct 10
3463	Democratic Primary	Precinct Delegate	Precinct Washington Township, Precinct 10
2037	Republican Primary	Precinct Delegate	Precinct Washington Township, Precinct 11
3464	Democratic Primary	Precinct Delegate	Precinct Washington Township, Precinct 11
2028	Republican Primary	Precinct Delegate	Precinct Washington Township, Precinct 2
2175	Democratic Primary	Precinct Delegate	Precinct Washington Township, Precinct 2
2029	Republican Primary	Precinct Delegate	Precinct Washington Township, Precinct 3
3457	Democratic Primary	Precinct Delegate	Precinct Washington Township, Precinct 3
2030	Republican Primary	Precinct Delegate	Precinct Washington Township, Precinct 4
3458	Democratic Primary	Precinct Delegate	Precinct Washington Township, Precinct 4
2031	Republican Primary	Precinct Delegate	Precinct Washington Township, Precinct 5
3459	Democratic Primary	Precinct Delegate	Precinct Washington Township, Precinct 5
2032	Republican Primary	Precinct Delegate	Precinct Washington Township, Precinct 6
2176	Democratic Primary	Precinct Delegate	Precinct Washington Township, Precinct 6
2033	Republican Primary	Precinct Delegate	Precinct Washington Township, Precinct 7
3460	Democratic Primary	Precinct Delegate	Precinct Washington Township, Precinct 7
2034	Republican Primary	Precinct Delegate	Precinct Washington Township, Precinct 8
3461	Democratic Primary	Precinct Delegate	Precinct Washington Township, Precinct 8
2035	Republican Primary	Precinct Delegate	Precinct Washington Township, Precinct 9
3462	Democratic Primary	Precinct Delegate	Precinct Washington Township, Precinct 9
1812	Republican Primary	Precinct Delegate	Precinct Armada Township, Precinct 1
2945	Democratic Primary	Precinct Delegate	Precinct Armada Township, Precinct 1
1813	Republican Primary	Precinct Delegate	Precinct Armada Township, Precinct 2
2946	Democratic Primary	Precinct Delegate	Precinct Armada Township, Precinct 2
1814	Republican Primary	Precinct Delegate	Precinct Bruce Township, Precinct 1
2947	Democratic Primary	Precinct Delegate	Precinct Bruce Township, Precinct 1
1815	Republican Primary	Precinct Delegate	Precinct Bruce Township, Precinct 2
2948	Democratic Primary	Precinct Delegate	Precinct Bruce Township, Precinct 2
1816	Republican Primary	Precinct Delegate	Precinct Bruce Township, Precinct 3
2038	Democratic Primary	Precinct Delegate	Precinct Bruce Township, Precinct 3
1817	Republican Primary	Precinct Delegate	Precinct Bruce Township, Precinct 4
2949	Democratic Primary	Precinct Delegate	Precinct Bruce Township, Precinct 4
3035	Republican Primary	Precinct Delegate	Precinct Center Line City, Precinct 1
2039	Democratic Primary	Precinct Delegate	Precinct Center Line City, Precinct 1
3341	Republican Primary	Precinct Delegate	Precinct Center Line City, Precinct 2
3347	Democratic Primary	Precinct Delegate	Precinct Center Line City, Precinct 2
3342	Republican Primary	Precinct Delegate	Precinct Center Line City, Precinct 3
3348	Democratic Primary	Precinct Delegate	Precinct Center Line City, Precinct 3
3036	Republican Primary	Precinct Delegate	Precinct Center Line City, Precinct 4
2040	Democratic Primary	Precinct Delegate	Precinct Center Line City, Precinct 4
3465	Republican Primary	Precinct Delegate	Precinct Center Line City, Precinct 5
3466	Democratic Primary	Precinct Delegate	Precinct Center Line City, Precinct 5
3469	Republican Primary	Precinct Delegate	Precinct Chesterfield Township, Precinct 1
3468	Democratic Primary	Precinct Delegate	Precinct Chesterfield Township, Precinct 1
1818	Republican Primary	Precinct Delegate	Precinct Chesterfield Township, Precinct 2
2951	Democratic Primary	Precinct Delegate	Precinct Chesterfield Township, Precinct 2
1819	Republican Primary	Precinct Delegate	Precinct Chesterfield Township, Precinct 3
2041	Democratic Primary	Precinct Delegate	Precinct Chesterfield Township, Precinct 3
1820	Republican Primary	Precinct Delegate	Precinct Chesterfield Township, Precinct 4
2950	Democratic Primary	Precinct Delegate	Precinct Chesterfield Township, Precinct 4
1821	Republican Primary	Precinct Delegate	Precinct Chesterfield Township, Precinct 5
2952	Democratic Primary	Precinct Delegate	Precinct Chesterfield Township, Precinct 5
3470	Republican Primary	Precinct Delegate	Precinct Chesterfield Township, Precinct 6
3471	Democratic Primary	Precinct Delegate	Precinct Chesterfield Township, Precinct 6
3472	Republican Primary	Precinct Delegate	Precinct Chesterfield Township, Precinct 7
3473	Democratic Primary	Precinct Delegate	Precinct Chesterfield Township, Precinct 7
1822	Republican Primary	Precinct Delegate	Precinct Chesterfield Township, Precinct 8
2953	Democratic Primary	Precinct Delegate	Precinct Chesterfield Township, Precinct 8
1823	Republican Primary	Precinct Delegate	Precinct Chesterfield Township, Precinct 9
2042	Democratic Primary	Precinct Delegate	Precinct Chesterfield Township, Precinct 9
1824	Republican Primary	Precinct Delegate	Precinct Chesterfield Township, Precinct 10
3053	Democratic Primary	Precinct Delegate	Precinct Chesterfield Township, Precinct 10
1825	Republican Primary	Precinct Delegate	Precinct Chesterfield Township, Precinct 11
2043	Democratic Primary	Precinct Delegate	Precinct Chesterfield Township, Precinct 11
3474	Republican Primary	Precinct Delegate	Precinct Chesterfield Township, Precinct 12
3475	Democratic Primary	Precinct Delegate	Precinct Chesterfield Township, Precinct 12
3476	Republican Primary	Precinct Delegate	Precinct Chesterfield Township, Precinct 13
3477	Democratic Primary	Precinct Delegate	Precinct Chesterfield Township, Precinct 13
3037	Republican Primary	Precinct Delegate	Precinct Chesterfield Township, Precinct 14
2044	Democratic Primary	Precinct Delegate	Precinct Chesterfield Township, Precinct 14
1826	Republican Primary	Precinct Delegate	Precinct Chesterfield Township, Precinct 15
2045	Democratic Primary	Precinct Delegate	Precinct Chesterfield Township, Precinct 15
1827	Republican Primary	Precinct Delegate	Precinct Chesterfield Township, Precinct 16
3055	Democratic Primary	Precinct Delegate	Precinct Chesterfield Township, Precinct 16
3478	Republican Primary	Precinct Delegate	Precinct Chesterfield Township, Precinct 17
3479	Democratic Primary	Precinct Delegate	Precinct Chesterfield Township, Precinct 17
1828	Republican Primary	Precinct Delegate	Precinct Chesterfield Township, Precinct 18
3056	Democratic Primary	Precinct Delegate	Precinct Chesterfield Township, Precinct 18
3480	Republican Primary	Precinct Delegate	Precinct Chesterfield Township, Precinct 19
3481	Democratic Primary	Precinct Delegate	Precinct Chesterfield Township, Precinct 19
1829	Republican Primary	Precinct Delegate	Precinct Clinton Township, Precinct 1
3057	Democratic Primary	Precinct Delegate	Precinct Clinton Township, Precinct 1
3482	Republican Primary	Precinct Delegate	Precinct Clinton Township, Precinct 2
3483	Democratic Primary	Precinct Delegate	Precinct Clinton Township, Precinct 2
3038	Republican Primary	Precinct Delegate	Precinct Clinton Township, Precinct 3
2046	Democratic Primary	Precinct Delegate	Precinct Clinton Township, Precinct 3
3039	Republican Primary	Precinct Delegate	Precinct Clinton Township, Precinct 4
2047	Democratic Primary	Precinct Delegate	Precinct Clinton Township, Precinct 4
3040	Republican Primary	Precinct Delegate	Precinct Clinton Township, Precinct 5
2048	Democratic Primary	Precinct Delegate	Precinct Clinton Township, Precinct 5
3041	Republican Primary	Precinct Delegate	Precinct Clinton Township, Precinct 6
2049	Democratic Primary	Precinct Delegate	Precinct Clinton Township, Precinct 6
3484	Republican Primary	Precinct Delegate	Precinct Clinton Township, Precinct 7
3485	Democratic Primary	Precinct Delegate	Precinct Clinton Township, Precinct 7
3042	Republican Primary	Precinct Delegate	Precinct Clinton Township, Precinct 8
2050	Democratic Primary	Precinct Delegate	Precinct Clinton Township, Precinct 8
1830	Republican Primary	Precinct Delegate	Precinct Clinton Township, Precinct 9
2051	Democratic Primary	Precinct Delegate	Precinct Clinton Township, Precinct 9
1831	Republican Primary	Precinct Delegate	Precinct Clinton Township, Precinct 10
2052	Democratic Primary	Precinct Delegate	Precinct Clinton Township, Precinct 10
1832	Republican Primary	Precinct Delegate	Precinct Clinton Township, Precinct 11
3058	Democratic Primary	Precinct Delegate	Precinct Clinton Township, Precinct 11
3043	Republican Primary	Precinct Delegate	Precinct Clinton Township, Precinct 12
2053	Democratic Primary	Precinct Delegate	Precinct Clinton Township, Precinct 12
3044	Republican Primary	Precinct Delegate	Precinct Clinton Township, Precinct 13
2054	Democratic Primary	Precinct Delegate	Precinct Clinton Township, Precinct 13
3045	Republican Primary	Precinct Delegate	Precinct Clinton Township, Precinct 14
2055	Democratic Primary	Precinct Delegate	Precinct Clinton Township, Precinct 14
1833	Republican Primary	Precinct Delegate	Precinct Clinton Township, Precinct 15
3046	Republican Primary	Precinct Delegate	Precinct Clinton Township, Precinct 15
2056	Democratic Primary	Precinct Delegate	Precinct Clinton Township, Precinct 15
3047	Republican Primary	Precinct Delegate	Precinct Clinton Township, Precinct 16
2057	Democratic Primary	Precinct Delegate	Precinct Clinton Township, Precinct 16
3048	Republican Primary	Precinct Delegate	Precinct Clinton Township, Precinct 17
2058	Democratic Primary	Precinct Delegate	Precinct Clinton Township, Precinct 17
1834	Republican Primary	Precinct Delegate	Precinct Clinton Township, Precinct 18
3059	Democratic Primary	Precinct Delegate	Precinct Clinton Township, Precinct 18
3049	Republican Primary	Precinct Delegate	Precinct Clinton Township, Precinct 19
2059	Democratic Primary	Precinct Delegate	Precinct Clinton Township, Precinct 19
3486	Republican Primary	Precinct Delegate	Precinct Clinton Township, Precinct 20
3487	Democratic Primary	Precinct Delegate	Precinct Clinton Township, Precinct 20
3050	Republican Primary	Precinct Delegate	Precinct Clinton Township, Precinct 21
2060	Democratic Primary	Precinct Delegate	Precinct Clinton Township, Precinct 21
3051	Republican Primary	Precinct Delegate	Precinct Clinton Township, Precinct 22
2061	Democratic Primary	Precinct Delegate	Precinct Clinton Township, Precinct 22
1835	Republican Primary	Precinct Delegate	Precinct Clinton Township, Precinct 23
2062	Democratic Primary	Precinct Delegate	Precinct Clinton Township, Precinct 23
1836	Republican Primary	Precinct Delegate	Precinct Clinton Township, Precinct 24
3060	Democratic Primary	Precinct Delegate	Precinct Clinton Township, Precinct 24
3488	Republican Primary	Precinct Delegate	Precinct Clinton Township, Precinct 25
3489	Democratic Primary	Precinct Delegate	Precinct Clinton Township, Precinct 25
1837	Republican Primary	Precinct Delegate	Precinct Clinton Township, Precinct 26
2063	Democratic Primary	Precinct Delegate	Precinct Clinton Township, Precinct 26
1838	Republican Primary	Precinct Delegate	Precinct Clinton Township, Precinct 27
2064	Democratic Primary	Precinct Delegate	Precinct Clinton Township, Precinct 27
3490	Republican Primary	Precinct Delegate	Precinct Clinton Township, Precinct 28
3491	Democratic Primary	Precinct Delegate	Precinct Clinton Township, Precinct 28
1839	Republican Primary	Precinct Delegate	Precinct Clinton Township, Precinct 29
2065	Democratic Primary	Precinct Delegate	Precinct Clinton Township, Precinct 29
3052	Republican Primary	Precinct Delegate	Precinct Clinton Township, Precinct 30
2066	Democratic Primary	Precinct Delegate	Precinct Clinton Township, Precinct 30
3492	Republican Primary	Precinct Delegate	Precinct Clinton Township, Precinct 31
3493	Democratic Primary	Precinct Delegate	Precinct Clinton Township, Precinct 31
1840	Republican Primary	Precinct Delegate	Precinct Clinton Township, Precinct 32
3061	Democratic Primary	Precinct Delegate	Precinct Clinton Township, Precinct 32
1841	Republican Primary	Precinct Delegate	Precinct Clinton Township, Precinct 33
2067	Democratic Primary	Precinct Delegate	Precinct Clinton Township, Precinct 33
3494	Republican Primary	Precinct Delegate	Precinct Clinton Township, Precinct 34
3495	Democratic Primary	Precinct Delegate	Precinct Clinton Township, Precinct 34
1842	Republican Primary	Precinct Delegate	Precinct Clinton Township, Precinct 35
2068	Democratic Primary	Precinct Delegate	Precinct Clinton Township, Precinct 35
1843	Republican Primary	Precinct Delegate	Precinct Clinton Township, Precinct 36
2069	Democratic Primary	Precinct Delegate	Precinct Clinton Township, Precinct 36
1844	Republican Primary	Precinct Delegate	Precinct Clinton Township, Precinct 37
3337	Democratic Primary	Precinct Delegate	Precinct Clinton Township, Precinct 37
1845	Republican Primary	Precinct Delegate	Precinct Clinton Township, Precinct 38
3338	Democratic Primary	Precinct Delegate	Precinct Clinton Township, Precinct 38
1846	Republican Primary	Precinct Delegate	Precinct Clinton Township, Precinct 39
2070	Democratic Primary	Precinct Delegate	Precinct Clinton Township, Precinct 39
1847	Republican Primary	Precinct Delegate	Precinct Clinton Township, Precinct 40
2071	Democratic Primary	Precinct Delegate	Precinct Clinton Township, Precinct 40
1848	Republican Primary	Precinct Delegate	Precinct Clinton Township, Precinct 41
2072	Democratic Primary	Precinct Delegate	Precinct Clinton Township, Precinct 41
1849	Republican Primary	Precinct Delegate	Precinct Clinton Township, Precinct 42
3339	Democratic Primary	Precinct Delegate	Precinct Clinton Township, Precinct 42
1850	Republican Primary	Precinct Delegate	Precinct Clinton Township, Precinct 43
3340	Democratic Primary	Precinct Delegate	Precinct Clinton Township, Precinct 43
1851	Republican Primary	Precinct Delegate	Precinct Clinton Township, Precinct 44
3343	Democratic Primary	Precinct Delegate	Precinct Clinton Township, Precinct 44
1852	Republican Primary	Precinct Delegate	Precinct Clinton Township, Precinct 45
2073	Democratic Primary	Precinct Delegate	Precinct Clinton Township, Precinct 45
1853	Republican Primary	Precinct Delegate	Precinct Clinton Township, Precinct 46
2074	Democratic Primary	Precinct Delegate	Precinct Clinton Township, Precinct 46
1854	Republican Primary	Precinct Delegate	Precinct Eastpointe City, Precinct 1
3345	Democratic Primary	Precinct Delegate	Precinct Eastpointe City, Precinct 1
3062	Republican Primary	Precinct Delegate	Precinct Eastpointe City, Precinct 2
2075	Democratic Primary	Precinct Delegate	Precinct Eastpointe City, Precinct 2
3063	Republican Primary	Precinct Delegate	Precinct Eastpointe City, Precinct 3
2076	Democratic Primary	Precinct Delegate	Precinct Eastpointe City, Precinct 3
3064	Republican Primary	Precinct Delegate	Precinct Eastpointe City, Precinct 4
2077	Democratic Primary	Precinct Delegate	Precinct Eastpointe City, Precinct 4
3065	Republican Primary	Precinct Delegate	Precinct Eastpointe City, Precinct 5
2078	Democratic Primary	Precinct Delegate	Precinct Eastpointe City, Precinct 5
1855	Republican Primary	Precinct Delegate	Precinct Eastpointe City, Precinct 6
3346	Democratic Primary	Precinct Delegate	Precinct Eastpointe City, Precinct 6
3066	Republican Primary	Precinct Delegate	Precinct Eastpointe City, Precinct 7
2079	Democratic Primary	Precinct Delegate	Precinct Eastpointe City, Precinct 7
3067	Republican Primary	Precinct Delegate	Precinct Eastpointe City, Precinct 8
2080	Democratic Primary	Precinct Delegate	Precinct Eastpointe City, Precinct 8
3496	Republican Primary	Precinct Delegate	Precinct Eastpointe City, Precinct 9
3497	Democratic Primary	Precinct Delegate	Precinct Eastpointe City, Precinct 9
1856	Republican Primary	Precinct Delegate	Precinct Eastpointe City, Precinct 10
3349	Democratic Primary	Precinct Delegate	Precinct Eastpointe City, Precinct 10
3068	Republican Primary	Precinct Delegate	Precinct Eastpointe City, Precinct 11
2081	Democratic Primary	Precinct Delegate	Precinct Eastpointe City, Precinct 11
1857	Republican Primary	Precinct Delegate	Precinct Eastpointe City, Precinct 12
2082	Democratic Primary	Precinct Delegate	Precinct Eastpointe City, Precinct 12
3069	Republican Primary	Precinct Delegate	Precinct Eastpointe City, Precinct 13
2083	Democratic Primary	Precinct Delegate	Precinct Eastpointe City, Precinct 13
1858	Republican Primary	Precinct Delegate	Precinct Eastpointe City, Precinct 14
2084	Democratic Primary	Precinct Delegate	Precinct Eastpointe City, Precinct 14
3498	Republican Primary	Precinct Delegate	Precinct Fraser City, Precinct 1
3499	Democratic Primary	Precinct Delegate	Precinct Fraser City, Precinct 1
1859	Republican Primary	Precinct Delegate	Precinct Fraser City, Precinct 2
2085	Democratic Primary	Precinct Delegate	Precinct Fraser City, Precinct 2
1860	Republican Primary	Precinct Delegate	Precinct Fraser City, Precinct 3
2086	Democratic Primary	Precinct Delegate	Precinct Fraser City, Precinct 3
3070	Republican Primary	Precinct Delegate	Precinct Fraser City, Precinct 4
2087	Democratic Primary	Precinct Delegate	Precinct Fraser City, Precinct 4
3500	Republican Primary	Precinct Delegate	Precinct Fraser City, Precinct 5
3501	Democratic Primary	Precinct Delegate	Precinct Fraser City, Precinct 5
1861	Republican Primary	Precinct Delegate	Precinct Fraser City, Precinct 6
3350	Democratic Primary	Precinct Delegate	Precinct Fraser City, Precinct 6
1862	Republican Primary	Precinct Delegate	Precinct Fraser City, Precinct 7
2088	Democratic Primary	Precinct Delegate	Precinct Fraser City, Precinct 7
1863	Republican Primary	Precinct Delegate	Precinct Harrison Township, Precinct 1
2089	Democratic Primary	Precinct Delegate	Precinct Harrison Township, Precinct 1
3071	Republican Primary	Precinct Delegate	Precinct Harrison Township, Precinct 2
2090	Democratic Primary	Precinct Delegate	Precinct Harrison Township, Precinct 2
3504	Republican Primary	Precinct Delegate	Precinct Harrison Township, Precinct 3
3505	Democratic Primary	Precinct Delegate	Precinct Harrison Township, Precinct 3
1864	Republican Primary	Precinct Delegate	Precinct Harrison Township, Precinct 4
2091	Democratic Primary	Precinct Delegate	Precinct Harrison Township, Precinct 4
3506	Republican Primary	Precinct Delegate	Precinct Harrison Township, Precinct 5
3507	Democratic Primary	Precinct Delegate	Precinct Harrison Township, Precinct 5
1865	Republican Primary	Precinct Delegate	Precinct Harrison Township, Precinct 6
3351	Democratic Primary	Precinct Delegate	Precinct Harrison Township, Precinct 6
1866	Republican Primary	Precinct Delegate	Precinct Harrison Township, Precinct 7
2092	Democratic Primary	Precinct Delegate	Precinct Harrison Township, Precinct 7
1867	Republican Primary	Precinct Delegate	Precinct Harrison Township, Precinct 8
2093	Democratic Primary	Precinct Delegate	Precinct Harrison Township, Precinct 8
3072	Republican Primary	Precinct Delegate	Precinct Harrison Township, Precinct 9
2094	Democratic Primary	Precinct Delegate	Precinct Harrison Township, Precinct 9
3508	Republican Primary	Precinct Delegate	Precinct Harrison Township, Precinct 10
3509	Democratic Primary	Precinct Delegate	Precinct Harrison Township, Precinct 10
1868	Republican Primary	Precinct Delegate	Precinct Lenox Township, Precinct 1
3352	Democratic Primary	Precinct Delegate	Precinct Lenox Township, Precinct 1
1869	Republican Primary	Precinct Delegate	Precinct Lenox Township, Precinct 2
3353	Democratic Primary	Precinct Delegate	Precinct Lenox Township, Precinct 2
3510	Republican Primary	Precinct Delegate	Precinct Lenox Township, Precinct 3
3511	Democratic Primary	Precinct Delegate	Precinct Lenox Township, Precinct 3
3512	Republican Primary	Precinct Delegate	Precinct Lenox Township, Precinct 4
3513	Democratic Primary	Precinct Delegate	Precinct Lenox Township, Precinct 4
1870	Republican Primary	Precinct Delegate	Precinct Macomb Township, Precinct 1
3354	Democratic Primary	Precinct Delegate	Precinct Macomb Township, Precinct 1
3073	Republican Primary	Precinct Delegate	Precinct Macomb Township, Precinct 2
2095	Democratic Primary	Precinct Delegate	Precinct Macomb Township, Precinct 2
1871	Republican Primary	Precinct Delegate	Precinct Macomb Township, Precinct 3
3355	Democratic Primary	Precinct Delegate	Precinct Macomb Township, Precinct 3
1872	Republican Primary	Precinct Delegate	Precinct Macomb Township, Precinct 4
3356	Democratic Primary	Precinct Delegate	Precinct Macomb Township, Precinct 4
1873	Republican Primary	Precinct Delegate	Precinct Macomb Township, Precinct 5
3357	Democratic Primary	Precinct Delegate	Precinct Macomb Township, Precinct 5
1874	Republican Primary	Precinct Delegate	Precinct Macomb Township, Precinct 6
3358	Democratic Primary	Precinct Delegate	Precinct Macomb Township, Precinct 6
1875	Republican Primary	Precinct Delegate	Precinct Macomb Township, Precinct 7
2096	Democratic Primary	Precinct Delegate	Precinct Macomb Township, Precinct 7
1876	Republican Primary	Precinct Delegate	Precinct Macomb Township, Precinct 8
3359	Democratic Primary	Precinct Delegate	Precinct Macomb Township, Precinct 8
1877	Republican Primary	Precinct Delegate	Precinct Macomb Township, Precinct 9
3360	Democratic Primary	Precinct Delegate	Precinct Macomb Township, Precinct 9
1878	Republican Primary	Precinct Delegate	Precinct Macomb Township, Precinct 10
3361	Democratic Primary	Precinct Delegate	Precinct Macomb Township, Precinct 10
1879	Republican Primary	Precinct Delegate	Precinct Macomb Township, Precinct 11
3362	Democratic Primary	Precinct Delegate	Precinct Macomb Township, Precinct 11
1880	Republican Primary	Precinct Delegate	Precinct Macomb Township, Precinct 12
2097	Democratic Primary	Precinct Delegate	Precinct Macomb Township, Precinct 12
1881	Republican Primary	Precinct Delegate	Precinct Macomb Township, Precinct 13
3363	Democratic Primary	Precinct Delegate	Precinct Macomb Township, Precinct 13
1882	Republican Primary	Precinct Delegate	Precinct Macomb Township, Precinct 14
3364	Democratic Primary	Precinct Delegate	Precinct Macomb Township, Precinct 14
1883	Republican Primary	Precinct Delegate	Precinct Macomb Township, Precinct 15
3365	Democratic Primary	Precinct Delegate	Precinct Macomb Township, Precinct 15
1884	Republican Primary	Precinct Delegate	Precinct Macomb Township, Precinct 16
3366	Democratic Primary	Precinct Delegate	Precinct Macomb Township, Precinct 16
1885	Republican Primary	Precinct Delegate	Precinct Macomb Township, Precinct 17
3367	Democratic Primary	Precinct Delegate	Precinct Macomb Township, Precinct 17
3514	Republican Primary	Precinct Delegate	Precinct Macomb Township, Precinct 18
3515	Democratic Primary	Precinct Delegate	Precinct Macomb Township, Precinct 18
1886	Republican Primary	Precinct Delegate	Precinct Macomb Township, Precinct 19
3368	Democratic Primary	Precinct Delegate	Precinct Macomb Township, Precinct 19
1887	Republican Primary	Precinct Delegate	Precinct Macomb Township, Precinct 20
2098	Democratic Primary	Precinct Delegate	Precinct Macomb Township, Precinct 20
1888	Republican Primary	Precinct Delegate	Precinct Macomb Township, Precinct 21
3369	Democratic Primary	Precinct Delegate	Precinct Macomb Township, Precinct 21
1889	Republican Primary	Precinct Delegate	Precinct Macomb Township, Precinct 22
2099	Democratic Primary	Precinct Delegate	Precinct Macomb Township, Precinct 22
1890	Republican Primary	Precinct Delegate	Precinct Macomb Township, Precinct 23
3370	Democratic Primary	Precinct Delegate	Precinct Macomb Township, Precinct 23
3516	Republican Primary	Precinct Delegate	Precinct Macomb Township, Precinct 24
3517	Democratic Primary	Precinct Delegate	Precinct Macomb Township, Precinct 24
1891	Republican Primary	Precinct Delegate	Precinct Macomb Township, Precinct 25
3371	Democratic Primary	Precinct Delegate	Precinct Macomb Township, Precinct 25
3518	Republican Primary	Precinct Delegate	Precinct Macomb Township, Precinct 26
3519	Democratic Primary	Precinct Delegate	Precinct Macomb Township, Precinct 26
1892	Republican Primary	Precinct Delegate	Precinct Macomb Township, Precinct 27
2100	Democratic Primary	Precinct Delegate	Precinct Macomb Township, Precinct 27
3520	Republican Primary	Precinct Delegate	Precinct Macomb Township, Precinct 28
3521	Democratic Primary	Precinct Delegate	Precinct Macomb Township, Precinct 28
1893	Republican Primary	Precinct Delegate	Precinct Macomb Township, Precinct 29
3372	Democratic Primary	Precinct Delegate	Precinct Macomb Township, Precinct 29
1894	Republican Primary	Precinct Delegate	Precinct Macomb Township, Precinct 30
2101	Democratic Primary	Precinct Delegate	Precinct Macomb Township, Precinct 30
1895	Republican Primary	Precinct Delegate	Precinct Macomb Township, Precinct 31
2102	Democratic Primary	Precinct Delegate	Precinct Macomb Township, Precinct 31
1896	Republican Primary	Precinct Delegate	Precinct Macomb Township, Precinct 32
3373	Democratic Primary	Precinct Delegate	Precinct Macomb Township, Precinct 32
1897	Republican Primary	Precinct Delegate	Precinct Macomb Township, Precinct 33
3375	Democratic Primary	Precinct Delegate	Precinct Macomb Township, Precinct 33
1898	Republican Primary	Precinct Delegate	Precinct Macomb Township, Precinct 34
3376	Democratic Primary	Precinct Delegate	Precinct Macomb Township, Precinct 34
3074	Republican Primary	Precinct Delegate	Precinct Macomb Township, Precinct 35
2103	Democratic Primary	Precinct Delegate	Precinct Macomb Township, Precinct 35
3522	Republican Primary	Precinct Delegate	Precinct Macomb Township, Precinct 36
3523	Democratic Primary	Precinct Delegate	Precinct Macomb Township, Precinct 36
3524	Republican Primary	Precinct Delegate	Precinct Macomb Township, Precinct 37
3525	Democratic Primary	Precinct Delegate	Precinct Macomb Township, Precinct 37
3526	Republican Primary	Precinct Delegate	Precinct Memphis City, Precinct 1
3527	Democratic Primary	Precinct Delegate	Precinct Memphis City, Precinct 1
1899	Republican Primary	Precinct Delegate	Precinct Mount Clemens City, Precinct 1
2104	Democratic Primary	Precinct Delegate	Precinct Mount Clemens City, Precinct 1
3075	Republican Primary	Precinct Delegate	Precinct Mount Clemens City, Precinct 2
2105	Democratic Primary	Precinct Delegate	Precinct Mount Clemens City, Precinct 2
1900	Republican Primary	Precinct Delegate	Precinct Mount Clemens City, Precinct 3
2106	Democratic Primary	Precinct Delegate	Precinct Mount Clemens City, Precinct 3
1901	Republican Primary	Precinct Delegate	Precinct Mount Clemens City, Precinct 4
2107	Democratic Primary	Precinct Delegate	Precinct Mount Clemens City, Precinct 4
1902	Republican Primary	Precinct Delegate	Precinct Mount Clemens City, Precinct 6
2108	Democratic Primary	Precinct Delegate	Precinct Mount Clemens City, Precinct 6
1903	Republican Primary	Precinct Delegate	Precinct Mount Clemens City, Precinct 9
2109	Democratic Primary	Precinct Delegate	Precinct Mount Clemens City, Precinct 9
3528	Republican Primary	Precinct Delegate	Precinct New Baltimore City, Precinct 1
3529	Democratic Primary	Precinct Delegate	Precinct New Baltimore City, Precinct 1
1904	Republican Primary	Precinct Delegate	Precinct New Baltimore City, Precinct 2
3378	Democratic Primary	Precinct Delegate	Precinct New Baltimore City, Precinct 2
3076	Republican Primary	Precinct Delegate	Precinct New Baltimore City, Precinct 3
2110	Democratic Primary	Precinct Delegate	Precinct New Baltimore City, Precinct 3
3530	Republican Primary	Precinct Delegate	Precinct New Baltimore City, Precinct 4
3531	Democratic Primary	Precinct Delegate	Precinct New Baltimore City, Precinct 4
1905	Republican Primary	Precinct Delegate	Precinct New Baltimore City, Precinct 5
2111	Democratic Primary	Precinct Delegate	Precinct New Baltimore City, Precinct 5
1906	Republican Primary	Precinct Delegate	Precinct Ray Township, Precinct 1
2112	Democratic Primary	Precinct Delegate	Precinct Ray Township, Precinct 1
1907	Republican Primary	Precinct Delegate	Precinct Ray Township, Precinct 2
2113	Democratic Primary	Precinct Delegate	Precinct Ray Township, Precinct 2
3532	Republican Primary	Precinct Delegate	Precinct Richmond City, Precinct 1A
3533	Democratic Primary	Precinct Delegate	Precinct Richmond City, Precinct 1A
3534	Republican Primary	Precinct Delegate	Precinct Richmond City, Precinct 2
3535	Democratic Primary	Precinct Delegate	Precinct Richmond City, Precinct 2
3536	Republican Primary	Precinct Delegate	Precinct Richmond Township, Precinct 1
3537	Democratic Primary	Precinct Delegate	Precinct Richmond Township, Precinct 1
3077	Republican Primary	Precinct Delegate	Precinct Richmond Township, Precinct 2
2114	Democratic Primary	Precinct Delegate	Precinct Richmond Township, Precinct 2
3538	Republican Primary	Precinct Delegate	Precinct Roseville City, Precinct 1
3539	Democratic Primary	Precinct Delegate	Precinct Roseville City, Precinct 1
1908	Republican Primary	Precinct Delegate	Precinct Roseville City, Precinct 2
3379	Democratic Primary	Precinct Delegate	Precinct Roseville City, Precinct 2
3078	Republican Primary	Precinct Delegate	Precinct Roseville City, Precinct 3
2115	Democratic Primary	Precinct Delegate	Precinct Roseville City, Precinct 3
3540	Republican Primary	Precinct Delegate	Precinct Roseville City, Precinct 4
3541	Democratic Primary	Precinct Delegate	Precinct Roseville City, Precinct 4
1909	Republican Primary	Precinct Delegate	Precinct Roseville City, Precinct 5
3380	Democratic Primary	Precinct Delegate	Precinct Roseville City, Precinct 5
1910	Republican Primary	Precinct Delegate	Precinct Roseville City, Precinct 6
3381	Democratic Primary	Precinct Delegate	Precinct Roseville City, Precinct 6
3542	Republican Primary	Precinct Delegate	Precinct Roseville City, Precinct 7
3543	Democratic Primary	Precinct Delegate	Precinct Roseville City, Precinct 7
1911	Republican Primary	Precinct Delegate	Precinct Roseville City, Precinct 8
3382	Democratic Primary	Precinct Delegate	Precinct Roseville City, Precinct 8
1912	Republican Primary	Precinct Delegate	Precinct Roseville City, Precinct 9
3383	Democratic Primary	Precinct Delegate	Precinct Roseville City, Precinct 9
3544	Republican Primary	Precinct Delegate	Precinct Roseville City, Precinct 10
3545	Democratic Primary	Precinct Delegate	Precinct Roseville City, Precinct 10
3546	Republican Primary	Precinct Delegate	Precinct Roseville City, Precinct 11
3547	Democratic Primary	Precinct Delegate	Precinct Roseville City, Precinct 11
3079	Republican Primary	Precinct Delegate	Precinct Roseville City, Precinct 12
2116	Democratic Primary	Precinct Delegate	Precinct Roseville City, Precinct 12
3548	Republican Primary	Precinct Delegate	Precinct Roseville City, Precinct 13
3549	Democratic Primary	Precinct Delegate	Precinct Roseville City, Precinct 13
1913	Republican Primary	Precinct Delegate	Precinct Roseville City, Precinct 14
3384	Democratic Primary	Precinct Delegate	Precinct Roseville City, Precinct 14
3080	Republican Primary	Precinct Delegate	Precinct Roseville City, Precinct 15
2117	Democratic Primary	Precinct Delegate	Precinct Roseville City, Precinct 15
1914	Republican Primary	Precinct Delegate	Precinct Shelby Township, Precinct 1
3385	Democratic Primary	Precinct Delegate	Precinct Shelby Township, Precinct 1
1915	Republican Primary	Precinct Delegate	Precinct Shelby Township, Precinct 2
2118	Democratic Primary	Precinct Delegate	Precinct Shelby Township, Precinct 2
1916	Republican Primary	Precinct Delegate	Precinct Shelby Township, Precinct 3
3386	Democratic Primary	Precinct Delegate	Precinct Shelby Township, Precinct 3
1917	Republican Primary	Precinct Delegate	Precinct Shelby Township, Precinct 4
3387	Democratic Primary	Precinct Delegate	Precinct Shelby Township, Precinct 4
1918	Republican Primary	Precinct Delegate	Precinct Shelby Township, Precinct 5
3388	Democratic Primary	Precinct Delegate	Precinct Shelby Township, Precinct 5
1919	Republican Primary	Precinct Delegate	Precinct Shelby Township, Precinct 6
3389	Democratic Primary	Precinct Delegate	Precinct Shelby Township, Precinct 6
1920	Republican Primary	Precinct Delegate	Precinct Shelby Township, Precinct 7
2119	Democratic Primary	Precinct Delegate	Precinct Shelby Township, Precinct 7
1921	Republican Primary	Precinct Delegate	Precinct Shelby Township, Precinct 8
3390	Democratic Primary	Precinct Delegate	Precinct Shelby Township, Precinct 8
1922	Republican Primary	Precinct Delegate	Precinct Shelby Township, Precinct 9
3391	Democratic Primary	Precinct Delegate	Precinct Shelby Township, Precinct 9
1923	Republican Primary	Precinct Delegate	Precinct Shelby Township, Precinct 10
3392	Democratic Primary	Precinct Delegate	Precinct Shelby Township, Precinct 10
1924	Republican Primary	Precinct Delegate	Precinct Shelby Township, Precinct 11
3393	Democratic Primary	Precinct Delegate	Precinct Shelby Township, Precinct 11
1925	Republican Primary	Precinct Delegate	Precinct Shelby Township, Precinct 12
3394	Democratic Primary	Precinct Delegate	Precinct Shelby Township, Precinct 12
1926	Republican Primary	Precinct Delegate	Precinct Shelby Township, Precinct 13
2120	Democratic Primary	Precinct Delegate	Precinct Shelby Township, Precinct 13
1927	Republican Primary	Precinct Delegate	Precinct Shelby Township, Precinct 14
2121	Democratic Primary	Precinct Delegate	Precinct Shelby Township, Precinct 14
1928	Republican Primary	Precinct Delegate	Precinct Shelby Township, Precinct 15
3395	Democratic Primary	Precinct Delegate	Precinct Shelby Township, Precinct 15
1929	Republican Primary	Precinct Delegate	Precinct Shelby Township, Precinct 16
2122	Democratic Primary	Precinct Delegate	Precinct Shelby Township, Precinct 16
1930	Republican Primary	Precinct Delegate	Precinct Shelby Township, Precinct 17
3396	Democratic Primary	Precinct Delegate	Precinct Shelby Township, Precinct 17
1931	Republican Primary	Precinct Delegate	Precinct Shelby Township, Precinct 18
3397	Democratic Primary	Precinct Delegate	Precinct Shelby Township, Precinct 18
1932	Republican Primary	Precinct Delegate	Precinct Shelby Township, Precinct 19
3398	Democratic Primary	Precinct Delegate	Precinct Shelby Township, Precinct 19
1933	Republican Primary	Precinct Delegate	Precinct Shelby Township, Precinct 20
3399	Democratic Primary	Precinct Delegate	Precinct Shelby Township, Precinct 20
1934	Republican Primary	Precinct Delegate	Precinct Shelby Township, Precinct 21
3400	Democratic Primary	Precinct Delegate	Precinct Shelby Township, Precinct 21
1935	Republican Primary	Precinct Delegate	Precinct Shelby Township, Precinct 22
3401	Democratic Primary	Precinct Delegate	Precinct Shelby Township, Precinct 22
1936	Republican Primary	Precinct Delegate	Precinct Shelby Township, Precinct 23
3402	Democratic Primary	Precinct Delegate	Precinct Shelby Township, Precinct 23
1937	Republican Primary	Precinct Delegate	Precinct Shelby Township, Precinct 24
2123	Democratic Primary	Precinct Delegate	Precinct Shelby Township, Precinct 24
1938	Republican Primary	Precinct Delegate	Precinct Shelby Township, Precinct 25
3403	Democratic Primary	Precinct Delegate	Precinct Shelby Township, Precinct 25
1939	Republican Primary	Precinct Delegate	Precinct Shelby Township, Precinct 26
3404	Democratic Primary	Precinct Delegate	Precinct Shelby Township, Precinct 26
1940	Republican Primary	Precinct Delegate	Precinct Shelby Township, Precinct 27
3405	Democratic Primary	Precinct Delegate	Precinct Shelby Township, Precinct 27
1941	Republican Primary	Precinct Delegate	Precinct Shelby Township, Precinct 28
2124	Democratic Primary	Precinct Delegate	Precinct Shelby Township, Precinct 28
1942	Republican Primary	Precinct Delegate	Precinct Shelby Township, Precinct 29
3406	Democratic Primary	Precinct Delegate	Precinct Shelby Township, Precinct 29
1943	Republican Primary	Precinct Delegate	Precinct Shelby Township, Precinct 30
3407	Democratic Primary	Precinct Delegate	Precinct Shelby Township, Precinct 30
1944	Republican Primary	Precinct Delegate	Precinct St. Clair Shores City, Precinct 1
3408	Democratic Primary	Precinct Delegate	Precinct St. Clair Shores City, Precinct 1
1945	Republican Primary	Precinct Delegate	Precinct St. Clair Shores City, Precinct 2
3409	Democratic Primary	Precinct Delegate	Precinct St. Clair Shores City, Precinct 2
3081	Republican Primary	Precinct Delegate	Precinct St. Clair Shores City, Precinct 3
2125	Democratic Primary	Precinct Delegate	Precinct St. Clair Shores City, Precinct 3
1946	Republican Primary	Precinct Delegate	Precinct St. Clair Shores City, Precinct 4
3410	Democratic Primary	Precinct Delegate	Precinct St. Clair Shores City, Precinct 4
1947	Republican Primary	Precinct Delegate	Precinct St. Clair Shores City, Precinct 5
2126	Democratic Primary	Precinct Delegate	Precinct St. Clair Shores City, Precinct 5
1948	Republican Primary	Precinct Delegate	Precinct St. Clair Shores City, Precinct 6
2127	Democratic Primary	Precinct Delegate	Precinct St. Clair Shores City, Precinct 6
3082	Republican Primary	Precinct Delegate	Precinct St. Clair Shores City, Precinct 7
2128	Democratic Primary	Precinct Delegate	Precinct St. Clair Shores City, Precinct 7
3083	Republican Primary	Precinct Delegate	Precinct St. Clair Shores City, Precinct 8
2129	Democratic Primary	Precinct Delegate	Precinct St. Clair Shores City, Precinct 8
1949	Republican Primary	Precinct Delegate	Precinct St. Clair Shores City, Precinct 9
2130	Democratic Primary	Precinct Delegate	Precinct St. Clair Shores City, Precinct 9
1950	Republican Primary	Precinct Delegate	Precinct St. Clair Shores City, Precinct 10
3411	Democratic Primary	Precinct Delegate	Precinct St. Clair Shores City, Precinct 10
3084	Republican Primary	Precinct Delegate	Precinct St. Clair Shores City, Precinct 11
2131	Democratic Primary	Precinct Delegate	Precinct St. Clair Shores City, Precinct 11
1951	Republican Primary	Precinct Delegate	Precinct St. Clair Shores City, Precinct 12
2132	Democratic Primary	Precinct Delegate	Precinct St. Clair Shores City, Precinct 12
3085	Republican Primary	Precinct Delegate	Precinct St. Clair Shores City, Precinct 13
2133	Democratic Primary	Precinct Delegate	Precinct St. Clair Shores City, Precinct 13
3550	Republican Primary	Precinct Delegate	Precinct St. Clair Shores City, Precinct 14
3551	Democratic Primary	Precinct Delegate	Precinct St. Clair Shores City, Precinct 14
3552	Republican Primary	Precinct Delegate	Precinct St. Clair Shores City, Precinct 15
3553	Democratic Primary	Precinct Delegate	Precinct St. Clair Shores City, Precinct 15
3554	Republican Primary	Precinct Delegate	Precinct St. Clair Shores City, Precinct 16
3555	Democratic Primary	Precinct Delegate	Precinct St. Clair Shores City, Precinct 16
1952	Republican Primary	Precinct Delegate	Precinct St. Clair Shores City, Precinct 17
2134	Democratic Primary	Precinct Delegate	Precinct St. Clair Shores City, Precinct 17
1953	Republican Primary	Precinct Delegate	Precinct St. Clair Shores City, Precinct 18
2135	Democratic Primary	Precinct Delegate	Precinct St. Clair Shores City, Precinct 18
3556	Republican Primary	Precinct Delegate	Precinct St. Clair Shores City, Precinct 19
3557	Democratic Primary	Precinct Delegate	Precinct St. Clair Shores City, Precinct 19
3086	Republican Primary	Precinct Delegate	Precinct St. Clair Shores City, Precinct 20
2136	Democratic Primary	Precinct Delegate	Precinct St. Clair Shores City, Precinct 20
1954	Republican Primary	Precinct Delegate	Precinct St. Clair Shores City, Precinct 21
2137	Democratic Primary	Precinct Delegate	Precinct St. Clair Shores City, Precinct 21
1955	Republican Primary	Precinct Delegate	Precinct St. Clair Shores City, Precinct 22
3412	Democratic Primary	Precinct Delegate	Precinct St. Clair Shores City, Precinct 22
3087	Republican Primary	Precinct Delegate	Precinct St. Clair Shores City, Precinct 23
2138	Democratic Primary	Precinct Delegate	Precinct St. Clair Shores City, Precinct 23
1956	Republican Primary	Precinct Delegate	Precinct Sterling Heights City, Precinct 1
3413	Democratic Primary	Precinct Delegate	Precinct Sterling Heights City, Precinct 1
1957	Republican Primary	Precinct Delegate	Precinct Sterling Heights City, Precinct 2
2139	Democratic Primary	Precinct Delegate	Precinct Sterling Heights City, Precinct 2
1958	Republican Primary	Precinct Delegate	Precinct Sterling Heights City, Precinct 3
3414	Democratic Primary	Precinct Delegate	Precinct Sterling Heights City, Precinct 3
1959	Republican Primary	Precinct Delegate	Precinct Sterling Heights City, Precinct 4
2140	Democratic Primary	Precinct Delegate	Precinct Sterling Heights City, Precinct 4
1960	Republican Primary	Precinct Delegate	Precinct Sterling Heights City, Precinct 5
3415	Democratic Primary	Precinct Delegate	Precinct Sterling Heights City, Precinct 5
1961	Republican Primary	Precinct Delegate	Precinct Sterling Heights City, Precinct 6
3416	Democratic Primary	Precinct Delegate	Precinct Sterling Heights City, Precinct 6
1962	Republican Primary	Precinct Delegate	Precinct Sterling Heights City, Precinct 7
3417	Democratic Primary	Precinct Delegate	Precinct Sterling Heights City, Precinct 7
1963	Republican Primary	Precinct Delegate	Precinct Sterling Heights City, Precinct 8
3418	Democratic Primary	Precinct Delegate	Precinct Sterling Heights City, Precinct 8
1964	Republican Primary	Precinct Delegate	Precinct Sterling Heights City, Precinct 9
3419	Democratic Primary	Precinct Delegate	Precinct Sterling Heights City, Precinct 9
1965	Republican Primary	Precinct Delegate	Precinct Sterling Heights City, Precinct 10
2141	Democratic Primary	Precinct Delegate	Precinct Sterling Heights City, Precinct 10
1966	Republican Primary	Precinct Delegate	Precinct Sterling Heights City, Precinct 11
2142	Democratic Primary	Precinct Delegate	Precinct Sterling Heights City, Precinct 11
1967	Republican Primary	Precinct Delegate	Precinct Sterling Heights City, Precinct 12
2143	Democratic Primary	Precinct Delegate	Precinct Sterling Heights City, Precinct 12
3558	Republican Primary	Precinct Delegate	Precinct Sterling Heights City, Precinct 13
3559	Democratic Primary	Precinct Delegate	Precinct Sterling Heights City, Precinct 13
1968	Republican Primary	Precinct Delegate	Precinct Sterling Heights City, Precinct 14
3420	Democratic Primary	Precinct Delegate	Precinct Sterling Heights City, Precinct 14
1969	Republican Primary	Precinct Delegate	Precinct Sterling Heights City, Precinct 15
3421	Democratic Primary	Precinct Delegate	Precinct Sterling Heights City, Precinct 15
1970	Republican Primary	Precinct Delegate	Precinct Sterling Heights City, Precinct 16
3422	Democratic Primary	Precinct Delegate	Precinct Sterling Heights City, Precinct 16
3560	Republican Primary	Precinct Delegate	Precinct Sterling Heights City, Precinct 17
3561	Democratic Primary	Precinct Delegate	Precinct Sterling Heights City, Precinct 17
1971	Republican Primary	Precinct Delegate	Precinct Sterling Heights City, Precinct 18
3423	Democratic Primary	Precinct Delegate	Precinct Sterling Heights City, Precinct 18
1972	Republican Primary	Precinct Delegate	Precinct Sterling Heights City, Precinct 19
2144	Democratic Primary	Precinct Delegate	Precinct Sterling Heights City, Precinct 19
1973	Republican Primary	Precinct Delegate	Precinct Sterling Heights City, Precinct 20
2145	Democratic Primary	Precinct Delegate	Precinct Sterling Heights City, Precinct 20
1974	Republican Primary	Precinct Delegate	Precinct Sterling Heights City, Precinct 21
3424	Democratic Primary	Precinct Delegate	Precinct Sterling Heights City, Precinct 21
1975	Republican Primary	Precinct Delegate	Precinct Sterling Heights City, Precinct 22
2146	Democratic Primary	Precinct Delegate	Precinct Sterling Heights City, Precinct 22
1976	Republican Primary	Precinct Delegate	Precinct Sterling Heights City, Precinct 23
2147	Democratic Primary	Precinct Delegate	Precinct Sterling Heights City, Precinct 23
1977	Republican Primary	Precinct Delegate	Precinct Sterling Heights City, Precinct 24
2148	Democratic Primary	Precinct Delegate	Precinct Sterling Heights City, Precinct 24
1978	Republican Primary	Precinct Delegate	Precinct Sterling Heights City, Precinct 25
2149	Democratic Primary	Precinct Delegate	Precinct Sterling Heights City, Precinct 25
1979	Republican Primary	Precinct Delegate	Precinct Sterling Heights City, Precinct 26
2150	Democratic Primary	Precinct Delegate	Precinct Sterling Heights City, Precinct 26
1980	Republican Primary	Precinct Delegate	Precinct Sterling Heights City, Precinct 27
3425	Democratic Primary	Precinct Delegate	Precinct Sterling Heights City, Precinct 27
3088	Republican Primary	Precinct Delegate	Precinct Sterling Heights City, Precinct 28
2151	Democratic Primary	Precinct Delegate	Precinct Sterling Heights City, Precinct 28
1981	Republican Primary	Precinct Delegate	Precinct Sterling Heights City, Precinct 29
3426	Democratic Primary	Precinct Delegate	Precinct Sterling Heights City, Precinct 29
1982	Republican Primary	Precinct Delegate	Precinct Sterling Heights City, Precinct 30
3427	Democratic Primary	Precinct Delegate	Precinct Sterling Heights City, Precinct 30
1983	Republican Primary	Precinct Delegate	Precinct Sterling Heights City, Precinct 31
3428	Democratic Primary	Precinct Delegate	Precinct Sterling Heights City, Precinct 31
1984	Republican Primary	Precinct Delegate	Precinct Sterling Heights City, Precinct 32
3596	Democratic Primary	Precinct Delegate	Precinct Sterling Heights City, Precinct 32
1985	Republican Primary	Precinct Delegate	Precinct Sterling Heights City, Precinct 33
3429	Democratic Primary	Precinct Delegate	Precinct Sterling Heights City, Precinct 33
1986	Republican Primary	Precinct Delegate	Precinct Sterling Heights City, Precinct 34
3430	Democratic Primary	Precinct Delegate	Precinct Sterling Heights City, Precinct 34
1987	Republican Primary	Precinct Delegate	Precinct Sterling Heights City, Precinct 35
3431	Democratic Primary	Precinct Delegate	Precinct Sterling Heights City, Precinct 35
1988	Republican Primary	Precinct Delegate	Precinct Sterling Heights City, Precinct 36
2152	Democratic Primary	Precinct Delegate	Precinct Sterling Heights City, Precinct 36
1989	Republican Primary	Precinct Delegate	Precinct Sterling Heights City, Precinct 37
3432	Democratic Primary	Precinct Delegate	Precinct Sterling Heights City, Precinct 37
1990	Republican Primary	Precinct Delegate	Precinct Sterling Heights City, Precinct 38
3433	Democratic Primary	Precinct Delegate	Precinct Sterling Heights City, Precinct 38
3089	Republican Primary	Precinct Delegate	Precinct Sterling Heights City, Precinct 39
2153	Democratic Primary	Precinct Delegate	Precinct Sterling Heights City, Precinct 39
3562	Republican Primary	Precinct Delegate	Precinct Sterling Heights City, Precinct 40
3563	Democratic Primary	Precinct Delegate	Precinct Sterling Heights City, Precinct 40
1991	Republican Primary	Precinct Delegate	Precinct Sterling Heights City, Precinct 41
2154	Democratic Primary	Precinct Delegate	Precinct Sterling Heights City, Precinct 41
1992	Republican Primary	Precinct Delegate	Precinct Sterling Heights City, Precinct 42
3434	Democratic Primary	Precinct Delegate	Precinct Sterling Heights City, Precinct 42
1993	Republican Primary	Precinct Delegate	Precinct Sterling Heights City, Precinct 43
2155	Democratic Primary	Precinct Delegate	Precinct Sterling Heights City, Precinct 43
1994	Republican Primary	Precinct Delegate	Precinct Sterling Heights City, Precinct 44
3435	Democratic Primary	Precinct Delegate	Precinct Sterling Heights City, Precinct 44
1995	Republican Primary	Precinct Delegate	Precinct Sterling Heights City, Precinct 45
3436	Democratic Primary	Precinct Delegate	Precinct Sterling Heights City, Precinct 45
1996	Republican Primary	Precinct Delegate	Precinct Utica City, Precinct 1
3437	Democratic Primary	Precinct Delegate	Precinct Utica City, Precinct 1
1997	Republican Primary	Precinct Delegate	Precinct Utica City, Precinct 2
3438	Democratic Primary	Precinct Delegate	Precinct Utica City, Precinct 2
1998	Republican Primary	Precinct Delegate	Precinct Utica City, Precinct 3
3439	Democratic Primary	Precinct Delegate	Precinct Utica City, Precinct 3
3502	Republican Primary	Precinct Delegate	Precinct Village of Grosse Pointe Shores City, Precinct 3
3503	Democratic Primary	Precinct Delegate	Precinct Village of Grosse Pointe Shores City, Precinct 3
1999	Republican Primary	Precinct Delegate	Precinct Warren City, Precinct 1
2156	Democratic Primary	Precinct Delegate	Precinct Warren City, Precinct 1
3566	Republican Primary	Precinct Delegate	Precinct Warren City, Precinct 3
3567	Democratic Primary	Precinct Delegate	Precinct Warren City, Precinct 3
3568	Republican Primary	Precinct Delegate	Precinct Warren City, Precinct 4
3569	Democratic Primary	Precinct Delegate	Precinct Warren City, Precinct 4
2000	Republican Primary	Precinct Delegate	Precinct Warren City, Precinct 5
2157	Democratic Primary	Precinct Delegate	Precinct Warren City, Precinct 5
3090	Republican Primary	Precinct Delegate \	Precinct Warren City, Precinct 6
2158	Democratic Primary	Precinct Delegate	Precinct Warren City, Precinct 6
3570	Republican Primary	Precinct Delegate	Precinct Warren City, Precinct 7
3571	Democratic Primary	Precinct Delegate	Precinct Warren City, Precinct 7
2001	Republican Primary	Precinct Delegate	Precinct Warren City, Precinct 8
3440	Democratic Primary	Precinct Delegate	Precinct Warren City, Precinct 8
3572	Republican Primary	Precinct Delegate	Precinct Warren City, Precinct 9
3573	Democratic Primary	Precinct Delegate	Precinct Warren City, Precinct 9
3091	Republican Primary	Precinct Delegate	Precinct Warren City, Precinct 10
2159	Democratic Primary	Precinct Delegate	Precinct Warren City, Precinct 10
3574	Republican Primary	Precinct Delegate	Precinct Warren City, Precinct 11
3575	Democratic Primary	Precinct Delegate	Precinct Warren City, Precinct 11
2002	Republican Primary	Precinct Delegate	Precinct Warren City, Precinct 12
3441	Democratic Primary	Precinct Delegate	Precinct Warren City, Precinct 12
3576	Republican Primary	Precinct Delegate	Precinct Warren City, Precinct 13
3577	Democratic Primary	Precinct Delegate	Precinct Warren City, Precinct 13
3578	Republican Primary	Precinct Delegate	Precinct Warren City, Precinct 14
3579	Democratic Primary	Precinct Delegate	Precinct Warren City, Precinct 14
3092	Republican Primary	Precinct Delegate	Precinct Warren City, Precinct 15
2160	Democratic Primary	Precinct Delegate	Precinct Warren City, Precinct 15
2003	Republican Primary	Precinct Delegate	Precinct Warren City, Precinct 17
3442	Democratic Primary	Precinct Delegate	Precinct Warren City, Precinct 17
3580	Republican Primary	Precinct Delegate	Precinct Warren City, Precinct 18
3581	Democratic Primary	Precinct Delegate	Precinct Warren City, Precinct 18
2004	Republican Primary	Precinct Delegate	Precinct Warren City, Precinct 19
2161	Democratic Primary	Precinct Delegate	Precinct Warren City, Precinct 19
2005	Republican Primary	Precinct Delegate	Precinct Warren City, Precinct 20
3443	Democratic Primary	Precinct Delegate	Precinct Warren City, Precinct 20
2006	Republican Primary	Precinct Delegate	Precinct Warren City, Precinct 22
2162	Democratic Primary	Precinct Delegate	Precinct Warren City, Precinct 22
3582	Republican Primary	Precinct Delegate	Precinct Warren City, Precinct 23
3583	Democratic Primary	Precinct Delegate	Precinct Warren City, Precinct 23
3584	Republican Primary	Precinct Delegate	Precinct Warren City, Precinct 24
3585	Democratic Primary	Precinct Delegate	Precinct Warren City, Precinct 24
2007	Republican Primary	Precinct Delegate	Precinct Warren City, Precinct 25
3444	Democratic Primary	Precinct Delegate	Precinct Warren City, Precinct 25
3586	Republican Primary	Precinct Delegate	Precinct Warren City, Precinct 26
3587	Democratic Primary	Precinct Delegate	Precinct Warren City, Precinct 26
2008	Republican Primary	Precinct Delegate	Precinct Warren City, Precinct 27
2163	Democratic Primary	Precinct Delegate	Precinct Warren City, Precinct 27
2009	Republican Primary	Precinct Delegate	Precinct Warren City, Precinct 28
2164	Democratic Primary	Precinct Delegate	Precinct Warren City, Precinct 28
2010	Republican Primary	Precinct Delegate	Precinct Warren City, Precinct 31
2165	Democratic Primary	Precinct Delegate	Precinct Warren City, Precinct 31
3588	Republican Primary	Precinct Delegate	Precinct Warren City, Precinct 32
3589	Democratic Primary	Precinct Delegate	Precinct Warren City, Precinct 32
2011	Republican Primary	Precinct Delegate	Precinct Warren City, Precinct 33
2166	Democratic Primary	Precinct Delegate	Precinct Warren City, Precinct 33
3590	Republican Primary	Precinct Delegate	Precinct Warren City, Precinct 34
3591	Democratic Primary	Precinct Delegate	Precinct Warren City, Precinct 34
3592	Republican Primary	Precinct Delegate	Precinct Warren City, Precinct 35
3593	Democratic Primary	Precinct Delegate	Precinct Warren City, Precinct 35
2012	Republican Primary	Precinct Delegate	Precinct Warren City, Precinct 36
3445	Democratic Primary	Precinct Delegate	Precinct Warren City, Precinct 36
2013	Republican Primary	Precinct Delegate	Precinct Warren City, Precinct 38
3446	Democratic Primary	Precinct Delegate	Precinct Warren City, Precinct 38
3093	Republican Primary	Precinct Delegate	Precinct Warren City, Precinct 41
2167	Democratic Primary	Precinct Delegate	Precinct Warren City, Precinct 41
2014	Republican Primary	Precinct Delegate	Precinct Warren City, Precinct 43
2168	Democratic Primary	Precinct Delegate	Precinct Warren City, Precinct 43
2015	Republican Primary	Precinct Delegate	Precinct Warren City, Precinct 44
3447	Democratic Primary	Precinct Delegate	Precinct Warren City, Precinct 44
2016	Republican Primary	Precinct Delegate	Precinct Warren City, Precinct 45
2169	Democratic Primary	Precinct Delegate	Precinct Warren City, Precinct 45
3094	Republican Primary	Precinct Delegate	Precinct Warren City, Precinct 46
2170	Democratic Primary	Precinct Delegate	Precinct Warren City, Precinct 46
2017	Republican Primary	Precinct Delegate	Precinct Warren City, Precinct 47
3448	Democratic Primary	Precinct Delegate	Precinct Warren City, Precinct 47
3095	Republican Primary	Precinct Delegate	Precinct Warren City, Precinct 48
2171	Democratic Primary	Precinct Delegate	Precinct Warren City, Precinct 48
2018	Republican Primary	Precinct Delegate	Precinct Warren City, Precinct 49
2172	Democratic Primary	Precinct Delegate	Precinct Warren City, Precinct 49
2019	Republican Primary	Precinct Delegate	Precinct Warren City, Precinct 50
3449	Democratic Primary	Precinct Delegate	Precinct Warren City, Precinct 50
2020	Republican Primary	Precinct Delegate	Precinct Warren City, Precinct 51
2173	Democratic Primary	Precinct Delegate	Precinct Warren City, Precinct 51
2021	Republican Primary	Precinct Delegate	Precinct Warren City, Precinct 52
3451	Democratic Primary	Precinct Delegate	Precinct Warren City, Precinct 52
2022	Republican Primary	Precinct Delegate	Precinct Warren City, Precinct 53
3452	Democratic Primary	Precinct Delegate	Precinct Warren City, Precinct 53
2023	Republican Primary	Precinct Delegate	Precinct Warren City, Precinct 54
2174	Democratic Primary	Precinct Delegate	Precinct Warren City, Precinct 54
2024	Republican Primary	Precinct Delegate	Precinct Warren City, Precinct 55
3453	Democratic Primary	Precinct Delegate	Precinct Warren City, Precinct 55
2025	Republican Primary	Precinct Delegate	Precinct Warren City, Precinct 56
3454	Democratic Primary	Precinct Delegate	Precinct Warren City, Precinct 56
3594	Republican Primary	Precinct Delegate	Precinct Warren City, Precinct 57
3595	Democratic Primary	Precinct Delegate	Precinct Warren City, Precinct 57
2026	Republican Primary	Precinct Delegate	Precinct Warren City, Precinct 58
3455	Democratic Primary	Precinct Delegate	Precinct Warren City, Precinct 58
1006	Primary Election	Judge of Probate Court 6-Year Term	Macomb County
