Contest,Candidate,Party,Precinct,Votes
Governor (DEM),Gretchen Whitmer,Dem,Alabaster Township Precinct 1,43
Governor (DEM),Write-In (WRITE-IN),,Alabaster Township Precinct 1,0
Governor (DEM),Gretchen Whitmer,Dem,AuSable Township Precinct 1,206
Governor (DEM),Write-In (WRITE-IN),,AuSable Township Precinct 1,2
Governor (DEM),Gretchen Whitmer,Dem,Baldwin Township Precinct 1,157
Governor (DEM),Write-In (WRITE-IN),,Baldwin Township Precinct 1,0
Governor (DEM),Gretchen Whitmer,Dem,Burleigh Township Precinct 1,40
Governor (DEM),Write-In (WRITE-IN),,Burleigh Township Precinct 1,0
Governor (DEM),Gretchen Whitmer,Dem,City of East Tawas Precinct 1,211
Governor (DEM),Write-In (WRITE-IN),,City of East Tawas Precinct 1,0
Governor (DEM),Gretchen Whitmer,Dem,City of Tawas City Precinct 1,123
Governor (DEM),Write-In (WRITE-IN),,City of Tawas City Precinct 1,0
Governor (DEM),Gretchen Whitmer,Dem,City of Whittemore Precinct 1,15
Governor (DEM),Write-In (WRITE-IN),,City of Whittemore Precinct 1,0
Governor (DEM),Gretchen Whitmer,Dem,Grant Township Precinct 1,99
Governor (DEM),Write-In (WRITE-IN),,Grant Township Precinct 1,0
Governor (DEM),Gretchen Whitmer,Dem,Oscoda Township Precinct 1,226
Governor (DEM),Write-In (WRITE-IN),,Oscoda Township Precinct 1,0
Governor (DEM),Gretchen Whitmer,Dem,Oscoda Township Precinct 2,70
Governor (DEM),Write-In (WRITE-IN),,Oscoda Township Precinct 2,0
Governor (DEM),Gretchen Whitmer,Dem,Oscoda Township Precinct 3,149
Governor (DEM),Write-In (WRITE-IN),,Oscoda Township Precinct 3,1
Governor (DEM),Gretchen Whitmer,Dem,Oscoda Township Precinct 4,167
Governor (DEM),Write-In (WRITE-IN),,Oscoda Township Precinct 4,0
Governor (DEM),Gretchen Whitmer,Dem,Plainfield Township Precinct 1,120
Governor (DEM),Write-In (WRITE-IN),,Plainfield Township Precinct 1,0
Governor (DEM),Gretchen Whitmer,Dem,Plainfield Township Precinct 2,220
Governor (DEM),Write-In (WRITE-IN),,Plainfield Township Precinct 2,0
Governor (DEM),Gretchen Whitmer,Dem,Reno Township Precinct 1,42
Governor (DEM),Write-In (WRITE-IN),,Reno Township Precinct 1,0
Governor (DEM),Gretchen Whitmer,Dem,Sherman Township Precinct 1,23
Governor (DEM),Write-In (WRITE-IN),,Sherman Township Precinct 1,0
Governor (DEM),Gretchen Whitmer,Dem,Tawas Township Precinct 1,108
Governor (DEM),Write-In (WRITE-IN),,Tawas Township Precinct 1,0
Governor (DEM),Gretchen Whitmer,Dem,Wilber Township Precinct 1,89
Governor (DEM),Write-In (WRITE-IN),,Wilber Township Precinct 1,1
Rep in Congress 1st District(DEM),Bob Lorinser,Dem,Wilber Township Precinct 1,89
Rep in Congress 1st District(DEM),Write-In (WRITE-IN),,Wilber Township Precinct 1,0
Rep in Congress 1st District(DEM),Bob Lorinser,Dem,Tawas Township Precinct 1,103
Rep in Congress 1st District(DEM),Write-In (WRITE-IN),,Tawas Township Precinct 1,0
Rep in Congress 1st District(DEM),Bob Lorinser,Dem,Sherman Township Precinct 1,22
Rep in Congress 1st District(DEM),Write-In (WRITE-IN),,Sherman Township Precinct 1,0
Rep in Congress 1st District(DEM),Bob Lorinser,Dem,Reno Township Precinct 1,36
Rep in Congress 1st District(DEM),Write-In (WRITE-IN),,Reno Township Precinct 1,0
Rep in Congress 1st District(DEM),Bob Lorinser,Dem,Plainfield Township Precinct 2,208
Rep in Congress 1st District(DEM),Write-In (WRITE-IN),,Plainfield Township Precinct 2,0
Rep in Congress 1st District(DEM),Bob Lorinser,Dem,Plainfield Township Precinct 1,106
Rep in Congress 1st District(DEM),Write-In (WRITE-IN),,Plainfield Township Precinct 1,0
Rep in Congress 1st District(DEM),Bob Lorinser,Dem,Oscoda Township Precinct 4,160
Rep in Congress 1st District(DEM),Write-In (WRITE-IN),,Oscoda Township Precinct 4,0
Rep in Congress 1st District(DEM),Bob Lorinser,Dem,Oscoda Township Precinct 3,136
Rep in Congress 1st District(DEM),Write-In (WRITE-IN),,Oscoda Township Precinct 3,0
Rep in Congress 1st District(DEM),Bob Lorinser,Dem,Oscoda Township Precinct 2,67
Rep in Congress 1st District(DEM),Write-In (WRITE-IN),,Oscoda Township Precinct 2,0
Rep in Congress 1st District(DEM),Bob Lorinser,Dem,Oscoda Township Precinct 1,219
Rep in Congress 1st District(DEM),Write-In (WRITE-IN),,Oscoda Township Precinct 1,0
Rep in Congress 1st District(DEM),Bob Lorinser,Dem,Grant Township Precinct 1,93
Rep in Congress 1st District(DEM),Write-In (WRITE-IN),,Grant Township Precinct 1,0
Rep in Congress 1st District(DEM),Bob Lorinser,Dem,City of Whittemore Precinct 1,14
Rep in Congress 1st District(DEM),Write-In (WRITE-IN),,City of Whittemore Precinct 1,0
Rep in Congress 1st District(DEM),Bob Lorinser,Dem,City of Tawas City Precinct 1,116
Rep in Congress 1st District(DEM),Write-In (WRITE-IN),,City of Tawas City Precinct 1,0
Rep in Congress 1st District(DEM),Bob Lorinser,Dem,City of East Tawas Precinct 1,192
Rep in Congress 1st District(DEM),Write-In (WRITE-IN),,City of East Tawas Precinct 1,0
Rep in Congress 1st District(DEM),Bob Lorinser,Dem,Burleigh Township Precinct 1,38
Rep in Congress 1st District(DEM),Write-In (WRITE-IN),,Burleigh Township Precinct 1,0
Rep in Congress 1st District(DEM),Bob Lorinser,Dem,Baldwin Township Precinct 1,144
Rep in Congress 1st District(DEM),Write-In (WRITE-IN),,Baldwin Township Precinct 1,0
Rep in Congress 1st District(DEM),Bob Lorinser,Dem,AuSable Township Precinct 1,192
Rep in Congress 1st District(DEM),Write-In (WRITE-IN),,AuSable Township Precinct 1,1
Rep in Congress 1st District(DEM),Bob Lorinser,Dem,Alabaster Township Precinct 1,40
Rep in Congress 1st District(DEM),Write-In (WRITE-IN),,Alabaster Township Precinct 1,0
State Senator 36th District (DEM),Joel A. Sheltrown,Dem,Alabaster Township Precinct 1,42
State Senator 36th District (DEM),Write-In (WRITE-IN),,Alabaster Township Precinct 1,0
State Senator 36th District (DEM),Joel A. Sheltrown,Dem,AuSable Township Precinct 1,199
State Senator 36th District (DEM),Write-In (WRITE-IN),,AuSable Township Precinct 1,0
State Senator 36th District (DEM),Joel A. Sheltrown,Dem,Baldwin Township Precinct 1,149
State Senator 36th District (DEM),Write-In (WRITE-IN),,Baldwin Township Precinct 1,0
State Senator 36th District (DEM),Joel A. Sheltrown,Dem,Burleigh Township Precinct 1,39
State Senator 36th District (DEM),Write-In (WRITE-IN),,Burleigh Township Precinct 1,0
State Senator 36th District (DEM),Joel A. Sheltrown,Dem,City of East Tawas Precinct 1,197
State Senator 36th District (DEM),Write-In (WRITE-IN),,City of East Tawas Precinct 1,0
State Senator 36th District (DEM),Joel A. Sheltrown,Dem,City of Tawas City Precinct 1,118
State Senator 36th District (DEM),Write-In (WRITE-IN),,City of Tawas City Precinct 1,0
State Senator 36th District (DEM),Joel A. Sheltrown,Dem,City of Whittemore Precinct 1,14
State Senator 36th District (DEM),Write-In (WRITE-IN),,City of Whittemore Precinct 1,0
State Senator 36th District (DEM),Joel A. Sheltrown,Dem,Grant Township Precinct 1,92
State Senator 36th District (DEM),Write-In (WRITE-IN),,Grant Township Precinct 1,0
State Senator 36th District (DEM),Joel A. Sheltrown,Dem,Oscoda Township Precinct 1,220
State Senator 36th District (DEM),Write-In (WRITE-IN),,Oscoda Township Precinct 1,1
State Senator 36th District (DEM),Joel A. Sheltrown,Dem,Oscoda Township Precinct 2,67
State Senator 36th District (DEM),Write-In (WRITE-IN),,Oscoda Township Precinct 2,0
State Senator 36th District (DEM),Joel A. Sheltrown,Dem,Oscoda Township Precinct 3,136
State Senator 36th District (DEM),Write-In (WRITE-IN),,Oscoda Township Precinct 3,0
State Senator 36th District (DEM),Joel A. Sheltrown,Dem,Oscoda Township Precinct 4,163
State Senator 36th District (DEM),Write-In (WRITE-IN),,Oscoda Township Precinct 4,0
State Senator 36th District (DEM),Joel A. Sheltrown,Dem,Plainfield Township Precinct 1,108
State Senator 36th District (DEM),Write-In (WRITE-IN),,Plainfield Township Precinct 1,0
State Senator 36th District (DEM),Joel A. Sheltrown,Dem,Plainfield Township Precinct 2,215
State Senator 36th District (DEM),Write-In (WRITE-IN),,Plainfield Township Precinct 2,0
State Senator 36th District (DEM),Joel A. Sheltrown,Dem,Reno Township Precinct 1,40
State Senator 36th District (DEM),Write-In (WRITE-IN),,Reno Township Precinct 1,0
State Senator 36th District (DEM),Joel A. Sheltrown,Dem,Sherman Township Precinct 1,23
State Senator 36th District (DEM),Write-In (WRITE-IN),,Sherman Township Precinct 1,0
State Senator 36th District (DEM),Joel A. Sheltrown,Dem,Tawas Township Precinct 1,109
State Senator 36th District (DEM),Write-In (WRITE-IN),,Tawas Township Precinct 1,0
State Senator 36th District (DEM),Joel A. Sheltrown,Dem,Wilber Township Precinct 1,90
State Senator 36th District (DEM),Write-In (WRITE-IN),,Wilber Township Precinct 1,0
Rep in State Legislature 99th District (DEM),Kenneth A. Kish,Dem,Wilber Township Precinct 1,88
Rep in State Legislature 99th District (DEM),Write-In (WRITE-IN),,Wilber Township Precinct 1,0
Rep in State Legislature 99th District (DEM),Kenneth A. Kish,Dem,Tawas Township Precinct 1,102
Rep in State Legislature 99th District (DEM),Write-In (WRITE-IN),,Tawas Township Precinct 1,0
Rep in State Legislature 99th District (DEM),Kenneth A. Kish,Dem,Sherman Township Precinct 1,19
Rep in State Legislature 99th District (DEM),Write-In (WRITE-IN),,Sherman Township Precinct 1,0
Rep in State Legislature 99th District (DEM),Kenneth A. Kish,Dem,Reno Township Precinct 1,35
Rep in State Legislature 99th District (DEM),Write-In (WRITE-IN),,Reno Township Precinct 1,0
Rep in State Legislature 99th District (DEM),Kenneth A. Kish,Dem,Plainfield Township Precinct 2,208
Rep in State Legislature 99th District (DEM),Write-In (WRITE-IN),,Plainfield Township Precinct 2,1
Rep in State Legislature 99th District (DEM),Kenneth A. Kish,Dem,Plainfield Township Precinct 1,105
Rep in State Legislature 99th District (DEM),Write-In (WRITE-IN),,Plainfield Township Precinct 1,0
Rep in State Legislature 99th District (DEM),Kenneth A. Kish,Dem,Oscoda Township Precinct 4,160
Rep in State Legislature 99th District (DEM),Write-In (WRITE-IN),,Oscoda Township Precinct 4,0
Rep in State Legislature 99th District (DEM),Kenneth A. Kish,Dem,Oscoda Township Precinct 3,134
Rep in State Legislature 99th District (DEM),Write-In (WRITE-IN),,Oscoda Township Precinct 3,1
Rep in State Legislature 99th District (DEM),Kenneth A. Kish,Dem,Oscoda Township Precinct 2,67
Rep in State Legislature 99th District (DEM),Write-In (WRITE-IN),,Oscoda Township Precinct 2,0
Rep in State Legislature 99th District (DEM),Kenneth A. Kish,Dem,Oscoda Township Precinct 1,217
Rep in State Legislature 99th District (DEM),Write-In (WRITE-IN),,Oscoda Township Precinct 1,0
Rep in State Legislature 99th District (DEM),Kenneth A. Kish,Dem,Grant Township Precinct 1,92
Rep in State Legislature 99th District (DEM),Write-In (WRITE-IN),,Grant Township Precinct 1,0
Rep in State Legislature 99th District (DEM),Kenneth A. Kish,Dem,City of Whittemore Precinct 1,14
Rep in State Legislature 99th District (DEM),Write-In (WRITE-IN),,City of Whittemore Precinct 1,0
Rep in State Legislature 99th District (DEM),Kenneth A. Kish,Dem,City of Tawas City Precinct 1,113
Rep in State Legislature 99th District (DEM),Write-In (WRITE-IN),,City of Tawas City Precinct 1,0
Rep in State Legislature 99th District (DEM),Kenneth A. Kish,Dem,City of East Tawas Precinct 1,191
Rep in State Legislature 99th District (DEM),Write-In (WRITE-IN),,City of East Tawas Precinct 1,0
Rep in State Legislature 99th District (DEM),Kenneth A. Kish,Dem,Burleigh Township Precinct 1,37
Rep in State Legislature 99th District (DEM),Write-In (WRITE-IN),,Burleigh Township Precinct 1,0
Rep in State Legislature 99th District (DEM),Kenneth A. Kish,Dem,Baldwin Township Precinct 1,143
Rep in State Legislature 99th District (DEM),Write-In (WRITE-IN),,Baldwin Township Precinct 1,0
Rep in State Legislature 99th District (DEM),Kenneth A. Kish,Dem,AuSable Township Precinct 1,190
Rep in State Legislature 99th District (DEM),Write-In (WRITE-IN),,AuSable Township Precinct 1,1
Rep in State Legislature 99th District (DEM),Kenneth A. Kish,Dem,Alabaster Township Precinct 1,41
Rep in State Legislature 99th District (DEM),Write-In (WRITE-IN),,Alabaster Township Precinct 1,0
County Commissioner 5th District (DEM),Write-In (WRITE-IN),,Alabaster Township Precinct 1,7
County Commissioner 5th District (DEM),Write-In (WRITE-IN),,Baldwin Township Precinct 1,4
County Commissioner 5th District (DEM),Write-In (WRITE-IN),,Burleigh Township Precinct 1,5
County Commissioner 5th District (DEM),Write-In (WRITE-IN),,City of Tawas City Precinct 1,4
County Commissioner 5th District (DEM),Write-In (WRITE-IN),,City of Whittemore Precinct 1,4
County Commissioner 5th District (DEM),Write-In (WRITE-IN),,Grant Township Precinct 1,2
County Commissioner 5th District (DEM),Write-In (WRITE-IN),,Reno Township Precinct 1,5
County Commissioner 5th District (DEM),Write-In (WRITE-IN),,Sherman Township Precinct 1,3
County Commissioner 5th District (DEM),Write-In (WRITE-IN),,Tawas Township Precinct 1,24
Township Trustee for Alabaster Township Partial Term (DEM),Harold W. Coles  II,Dem,Alabaster Township Precinct 1,37
Township Trustee for Alabaster Township Partial Term (DEM),Write-In (WRITE-IN),,Alabaster Township Precinct 1,0
Precinct Delegate for Alabaster Township  Precinct 1 (DEM),Write-In (WRITE-IN),,Alabaster Township Precinct 1,10
Governor (REP),Tudor M. Dixon,Rep,Wilber Township Precinct 1,50
Governor (REP),Ryan D. Kelley,Rep,Wilber Township Precinct 1,35
Governor (REP),Ralph Rebandt,Rep,Wilber Township Precinct 1,11
Governor (REP),Kevin Rinke,Rep,Wilber Township Precinct 1,40
Governor (REP),Garrett Soldano,Rep,Wilber Township Precinct 1,38
Governor (REP),Write-In (WRITE-IN),,Wilber Township Precinct 1,2
Governor (REP),Tudor M. Dixon,Rep,Tawas Township Precinct 1,108
Governor (REP),Ryan D. Kelley,Rep,Tawas Township Precinct 1,59
Governor (REP),Ralph Rebandt,Rep,Tawas Township Precinct 1,12
Governor (REP),Kevin Rinke,Rep,Tawas Township Precinct 1,99
Governor (REP),Garrett Soldano,Rep,Tawas Township Precinct 1,70
Governor (REP),Write-In (WRITE-IN),,Tawas Township Precinct 1,4
Governor (REP),Tudor M. Dixon,Rep,Sherman Township Precinct 1,26
Governor (REP),Ryan D. Kelley,Rep,Sherman Township Precinct 1,23
Governor (REP),Ralph Rebandt,Rep,Sherman Township Precinct 1,3
Governor (REP),Kevin Rinke,Rep,Sherman Township Precinct 1,15
Governor (REP),Garrett Soldano,Rep,Sherman Township Precinct 1,12
Governor (REP),Write-In (WRITE-IN),,Sherman Township Precinct 1,1
Governor (REP),Tudor M. Dixon,Rep,Reno Township Precinct 1,16
Governor (REP),Ryan D. Kelley,Rep,Reno Township Precinct 1,22
Governor (REP),Ralph Rebandt,Rep,Reno Township Precinct 1,2
Governor (REP),Kevin Rinke,Rep,Reno Township Precinct 1,30
Governor (REP),Garrett Soldano,Rep,Reno Township Precinct 1,14
Governor (REP),Write-In (WRITE-IN),,Reno Township Precinct 1,0
Governor (REP),Tudor M. Dixon,Rep,Plainfield Township Precinct 2,157
Governor (REP),Ryan D. Kelley,Rep,Plainfield Township Precinct 2,83
Governor (REP),Ralph Rebandt,Rep,Plainfield Township Precinct 2,14
Governor (REP),Kevin Rinke,Rep,Plainfield Township Precinct 2,118
Governor (REP),Garrett Soldano,Rep,Plainfield Township Precinct 2,58
Governor (REP),Write-In (WRITE-IN),,Plainfield Township Precinct 2,7
Governor (REP),Tudor M. Dixon,Rep,Plainfield Township Precinct 1,55
Governor (REP),Ryan D. Kelley,Rep,Plainfield Township Precinct 1,48
Governor (REP),Ralph Rebandt,Rep,Plainfield Township Precinct 1,10
Governor (REP),Kevin Rinke,Rep,Plainfield Township Precinct 1,70
Governor (REP),Garrett Soldano,Rep,Plainfield Township Precinct 1,37
Governor (REP),Write-In (WRITE-IN),,Plainfield Township Precinct 1,7
Governor (REP),Tudor M. Dixon,Rep,Oscoda Township Precinct 4,77
Governor (REP),Ryan D. Kelley,Rep,Oscoda Township Precinct 4,40
Governor (REP),Ralph Rebandt,Rep,Oscoda Township Precinct 4,10
Governor (REP),Kevin Rinke,Rep,Oscoda Township Precinct 4,82
Governor (REP),Garrett Soldano,Rep,Oscoda Township Precinct 4,42
Governor (REP),Write-In (WRITE-IN),,Oscoda Township Precinct 4,3
Governor (REP),Tudor M. Dixon,Rep,Oscoda Township Precinct 3,85
Governor (REP),Ryan D. Kelley,Rep,Oscoda Township Precinct 3,48
Governor (REP),Ralph Rebandt,Rep,Oscoda Township Precinct 3,15
Governor (REP),Kevin Rinke,Rep,Oscoda Township Precinct 3,82
Governor (REP),Garrett Soldano,Rep,Oscoda Township Precinct 3,36
Governor (REP),Write-In (WRITE-IN),,Oscoda Township Precinct 3,4
Governor (REP),Tudor M. Dixon,Rep,Oscoda Township Precinct 2,35
Governor (REP),Ryan D. Kelley,Rep,Oscoda Township Precinct 2,31
Governor (REP),Ralph Rebandt,Rep,Oscoda Township Precinct 2,6
Governor (REP),Kevin Rinke,Rep,Oscoda Township Precinct 2,17
Governor (REP),Garrett Soldano,Rep,Oscoda Township Precinct 2,13
Governor (REP),Write-In (WRITE-IN),,Oscoda Township Precinct 2,2
Governor (REP),Tudor M. Dixon,Rep,Oscoda Township Precinct 1,128
Governor (REP),Ryan D. Kelley,Rep,Oscoda Township Precinct 1,76
Governor (REP),Ralph Rebandt,Rep,Oscoda Township Precinct 1,14
Governor (REP),Kevin Rinke,Rep,Oscoda Township Precinct 1,96
Governor (REP),Garrett Soldano,Rep,Oscoda Township Precinct 1,39
Governor (REP),Write-In (WRITE-IN),,Oscoda Township Precinct 1,4
Governor (REP),Tudor M. Dixon,Rep,Grant Township Precinct 1,102
Governor (REP),Ryan D. Kelley,Rep,Grant Township Precinct 1,69
Governor (REP),Ralph Rebandt,Rep,Grant Township Precinct 1,9
Governor (REP),Kevin Rinke,Rep,Grant Township Precinct 1,86
Governor (REP),Garrett Soldano,Rep,Grant Township Precinct 1,81
Governor (REP),Write-In (WRITE-IN),,Grant Township Precinct 1,5
Governor (REP),Tudor M. Dixon,Rep,City of Whittemore Precinct 1,12
Governor (REP),Ryan D. Kelley,Rep,City of Whittemore Precinct 1,7
Governor (REP),Ralph Rebandt,Rep,City of Whittemore Precinct 1,2
Governor (REP),Kevin Rinke,Rep,City of Whittemore Precinct 1,9
Governor (REP),Garrett Soldano,Rep,City of Whittemore Precinct 1,13
Governor (REP),Write-In (WRITE-IN),,City of Whittemore Precinct 1,1
Governor (REP),Tudor M. Dixon,Rep,City of Tawas City Precinct 1,90
Governor (REP),Ryan D. Kelley,Rep,City of Tawas City Precinct 1,64
Governor (REP),Ralph Rebandt,Rep,City of Tawas City Precinct 1,9
Governor (REP),Kevin Rinke,Rep,City of Tawas City Precinct 1,51
Governor (REP),Garrett Soldano,Rep,City of Tawas City Precinct 1,34
Governor (REP),Write-In (WRITE-IN),,City of Tawas City Precinct 1,2
Governor (REP),Tudor M. Dixon,Rep,City of East Tawas Precinct 1,199
Governor (REP),Ryan D. Kelley,Rep,City of East Tawas Precinct 1,110
Governor (REP),Ralph Rebandt,Rep,City of East Tawas Precinct 1,21
Governor (REP),Kevin Rinke,Rep,City of East Tawas Precinct 1,109
Governor (REP),Garrett Soldano,Rep,City of East Tawas Precinct 1,79
Governor (REP),Write-In (WRITE-IN),,City of East Tawas Precinct 1,4
Governor (REP),Tudor M. Dixon,Rep,Burleigh Township Precinct 1,24
Governor (REP),Ryan D. Kelley,Rep,Burleigh Township Precinct 1,22
Governor (REP),Ralph Rebandt,Rep,Burleigh Township Precinct 1,0
Governor (REP),Kevin Rinke,Rep,Burleigh Township Precinct 1,26
Governor (REP),Garrett Soldano,Rep,Burleigh Township Precinct 1,24
Governor (REP),Write-In (WRITE-IN),,Burleigh Township Precinct 1,0
Governor (REP),Tudor M. Dixon,Rep,Baldwin Township Precinct 1,96
Governor (REP),Ryan D. Kelley,Rep,Baldwin Township Precinct 1,61
Governor (REP),Ralph Rebandt,Rep,Baldwin Township Precinct 1,13
Governor (REP),Kevin Rinke,Rep,Baldwin Township Precinct 1,69
Governor (REP),Garrett Soldano,Rep,Baldwin Township Precinct 1,60
Governor (REP),Write-In (WRITE-IN),,Baldwin Township Precinct 1,0
Governor (REP),Tudor M. Dixon,Rep,AuSable Township Precinct 1,86
Governor (REP),Ryan D. Kelley,Rep,AuSable Township Precinct 1,71
Governor (REP),Ralph Rebandt,Rep,AuSable Township Precinct 1,8
Governor (REP),Kevin Rinke,Rep,AuSable Township Precinct 1,69
Governor (REP),Garrett Soldano,Rep,AuSable Township Precinct 1,36
Governor (REP),Write-In (WRITE-IN),,AuSable Township Precinct 1,0
Governor (REP),Tudor M. Dixon,Rep,Alabaster Township Precinct 1,49
Governor (REP),Ryan D. Kelley,Rep,Alabaster Township Precinct 1,18
Governor (REP),Ralph Rebandt,Rep,Alabaster Township Precinct 1,0
Governor (REP),Kevin Rinke,Rep,Alabaster Township Precinct 1,35
Governor (REP),Garrett Soldano,Rep,Alabaster Township Precinct 1,14
Governor (REP),Write-In (WRITE-IN),,Alabaster Township Precinct 1,4
Rep in Congress 1st District (REP),Jack Bergman,Rep,Wilber Township Precinct 1,147
Rep in Congress 1st District (REP),Write-In (WRITE-IN),,Wilber Township Precinct 1,0
Rep in Congress 1st District (REP),Jack Bergman,Rep,Tawas Township Precinct 1,286
Rep in Congress 1st District (REP),Write-In (WRITE-IN),,Tawas Township Precinct 1,0
Rep in Congress 1st District (REP),Jack Bergman,Rep,Sherman Township Precinct 1,66
Rep in Congress 1st District (REP),Write-In (WRITE-IN),,Sherman Township Precinct 1,0
Rep in Congress 1st District (REP),Jack Bergman,Rep,Reno Township Precinct 1,70
Rep in Congress 1st District (REP),Write-In (WRITE-IN),,Reno Township Precinct 1,2
Rep in Congress 1st District (REP),Jack Bergman,Rep,Plainfield Township Precinct 2,385
Rep in Congress 1st District (REP),Write-In (WRITE-IN),,Plainfield Township Precinct 2,1
Rep in Congress 1st District (REP),Jack Bergman,Rep,Plainfield Township Precinct 1,186
Rep in Congress 1st District (REP),Write-In (WRITE-IN),,Plainfield Township Precinct 1,0
Rep in Congress 1st District (REP),Jack Bergman,Rep,Oscoda Township Precinct 4,219
Rep in Congress 1st District (REP),Write-In (WRITE-IN),,Oscoda Township Precinct 4,0
Rep in Congress 1st District (REP),Jack Bergman,Rep,Oscoda Township Precinct 3,235
Rep in Congress 1st District (REP),Write-In (WRITE-IN),,Oscoda Township Precinct 3,0
Rep in Congress 1st District (REP),Jack Bergman,Rep,Oscoda Township Precinct 2,92
Rep in Congress 1st District (REP),Write-In (WRITE-IN),,Oscoda Township Precinct 2,0
Rep in Congress 1st District (REP),Jack Bergman,Rep,Oscoda Township Precinct 1,319
Rep in Congress 1st District (REP),Write-In (WRITE-IN),,Oscoda Township Precinct 1,3
Rep in Congress 1st District (REP),Jack Bergman,Rep,Grant Township Precinct 1,290
Rep in Congress 1st District (REP),Write-In (WRITE-IN),,Grant Township Precinct 1,1
Rep in Congress 1st District (REP),Jack Bergman,Rep,City of Whittemore Precinct 1,34
Rep in Congress 1st District (REP),Write-In (WRITE-IN),,City of Whittemore Precinct 1,0
Rep in Congress 1st District (REP),Jack Bergman,Rep,City of Tawas City Precinct 1,207
Rep in Congress 1st District (REP),Write-In (WRITE-IN),,City of Tawas City Precinct 1,2
Rep in Congress 1st District (REP),Jack Bergman,Rep,City of East Tawas Precinct 1,441
Rep in Congress 1st District (REP),Write-In (WRITE-IN),,City of East Tawas Precinct 1,2
Rep in Congress 1st District (REP),Jack Bergman,Rep,Burleigh Township Precinct 1,77
Rep in Congress 1st District (REP),Write-In (WRITE-IN),,Burleigh Township Precinct 1,1
Rep in Congress 1st District (REP),Jack Bergman,Rep,Baldwin Township Precinct 1,257
Rep in Congress 1st District (REP),Write-In (WRITE-IN),,Baldwin Township Precinct 1,0
Rep in Congress 1st District (REP),Jack Bergman,Rep,AuSable Township Precinct 1,239
Rep in Congress 1st District (REP),Write-In (WRITE-IN),,AuSable Township Precinct 1,1
Rep in Congress 1st District (REP),Jack Bergman,Rep,Alabaster Township Precinct 1,105
Rep in Congress 1st District (REP),Write-In (WRITE-IN),,Alabaster Township Precinct 1,0
State Senator 36th District (REP),Michele Hoitenga,Rep,Wilber Township Precinct 1,145
State Senator 36th District (REP),Write-In (WRITE-IN),,Wilber Township Precinct 1,0
State Senator 36th District (REP),Michele Hoitenga,Rep,Tawas Township Precinct 1,285
State Senator 36th District (REP),Write-In (WRITE-IN),,Tawas Township Precinct 1,0
State Senator 36th District (REP),Michele Hoitenga,Rep,Sherman Township Precinct 1,63
State Senator 36th District (REP),Write-In (WRITE-IN),,Sherman Township Precinct 1,1
State Senator 36th District (REP),Michele Hoitenga,Rep,Reno Township Precinct 1,71
State Senator 36th District (REP),Write-In (WRITE-IN),,Reno Township Precinct 1,1
State Senator 36th District (REP),Michele Hoitenga,Rep,Plainfield Township Precinct 2,379
State Senator 36th District (REP),Write-In (WRITE-IN),,Plainfield Township Precinct 2,1
State Senator 36th District (REP),Michele Hoitenga,Rep,Plainfield Township Precinct 1,185
State Senator 36th District (REP),Write-In (WRITE-IN),,Plainfield Township Precinct 1,1
State Senator 36th District (REP),Michele Hoitenga,Rep,Oscoda Township Precinct 4,215
State Senator 36th District (REP),Write-In (WRITE-IN),,Oscoda Township Precinct 4,1
State Senator 36th District (REP),Michele Hoitenga,Rep,Oscoda Township Precinct 3,236
State Senator 36th District (REP),Write-In (WRITE-IN),,Oscoda Township Precinct 3,0
State Senator 36th District (REP),Michele Hoitenga,Rep,Oscoda Township Precinct 2,89
State Senator 36th District (REP),Write-In (WRITE-IN),,Oscoda Township Precinct 2,0
State Senator 36th District (REP),Michele Hoitenga,Rep,Oscoda Township Precinct 1,311
State Senator 36th District (REP),Write-In (WRITE-IN),,Oscoda Township Precinct 1,3
State Senator 36th District (REP),Michele Hoitenga,Rep,Grant Township Precinct 1,282
State Senator 36th District (REP),Write-In (WRITE-IN),,Grant Township Precinct 1,1
State Senator 36th District (REP),Michele Hoitenga,Rep,City of Whittemore Precinct 1,33
State Senator 36th District (REP),Write-In (WRITE-IN),,City of Whittemore Precinct 1,1
State Senator 36th District (REP),Michele Hoitenga,Rep,City of Tawas City Precinct 1,206
State Senator 36th District (REP),Write-In (WRITE-IN),,City of Tawas City Precinct 1,2
State Senator 36th District (REP),Michele Hoitenga,Rep,City of East Tawas Precinct 1,444
State Senator 36th District (REP),Write-In (WRITE-IN),,City of East Tawas Precinct 1,2
State Senator 36th District (REP),Michele Hoitenga,Rep,Burleigh Township Precinct 1,75
State Senator 36th District (REP),Write-In (WRITE-IN),,Burleigh Township Precinct 1,1
State Senator 36th District (REP),Michele Hoitenga,Rep,Baldwin Township Precinct 1,249
State Senator 36th District (REP),Write-In (WRITE-IN),,Baldwin Township Precinct 1,1
State Senator 36th District (REP),Michele Hoitenga,Rep,AuSable Township Precinct 1,235
State Senator 36th District (REP),Write-In (WRITE-IN),,AuSable Township Precinct 1,2
State Senator 36th District (REP),Michele Hoitenga,Rep,Alabaster Township Precinct 1,102
State Senator 36th District (REP),Write-In (WRITE-IN),,Alabaster Township Precinct 1,0
Rep in State Legislature 99th District (REP),Mike Hoadley,Rep,Alabaster Township Precinct 1,92
Rep in State Legislature 99th District (REP),Alan Hover,Rep,Alabaster Township Precinct 1,7
Rep in State Legislature 99th District (REP),Earl Lackie,Rep,Alabaster Township Precinct 1,2
Rep in State Legislature 99th District (REP),Shawn Petri,Rep,Alabaster Township Precinct 1,14
Rep in State Legislature 99th District (REP),Write-In (WRITE-IN),,Alabaster Township Precinct 1,0
Rep in State Legislature 99th District (REP),Mike Hoadley,Rep,AuSable Township Precinct 1,184
Rep in State Legislature 99th District (REP),Alan Hover,Rep,AuSable Township Precinct 1,13
Rep in State Legislature 99th District (REP),Earl Lackie,Rep,AuSable Township Precinct 1,11
Rep in State Legislature 99th District (REP),Shawn Petri,Rep,AuSable Township Precinct 1,42
Rep in State Legislature 99th District (REP),Write-In (WRITE-IN),,AuSable Township Precinct 1,0
Rep in State Legislature 99th District (REP),Mike Hoadley,Rep,Baldwin Township Precinct 1,224
Rep in State Legislature 99th District (REP),Alan Hover,Rep,Baldwin Township Precinct 1,11
Rep in State Legislature 99th District (REP),Earl Lackie,Rep,Baldwin Township Precinct 1,11
Rep in State Legislature 99th District (REP),Shawn Petri,Rep,Baldwin Township Precinct 1,44
Rep in State Legislature 99th District (REP),Write-In (WRITE-IN),,Baldwin Township Precinct 1,2
Rep in State Legislature 99th District (REP),Mike Hoadley,Rep,Burleigh Township Precinct 1,65
Rep in State Legislature 99th District (REP),Alan Hover,Rep,Burleigh Township Precinct 1,5
Rep in State Legislature 99th District (REP),Earl Lackie,Rep,Burleigh Township Precinct 1,1
Rep in State Legislature 99th District (REP),Shawn Petri,Rep,Burleigh Township Precinct 1,16
Rep in State Legislature 99th District (REP),Write-In (WRITE-IN),,Burleigh Township Precinct 1,3
Rep in State Legislature 99th District (REP),Mike Hoadley,Rep,City of East Tawas Precinct 1,364
Rep in State Legislature 99th District (REP),Alan Hover,Rep,City of East Tawas Precinct 1,18
Rep in State Legislature 99th District (REP),Earl Lackie,Rep,City of East Tawas Precinct 1,17
Rep in State Legislature 99th District (REP),Shawn Petri,Rep,City of East Tawas Precinct 1,108
Rep in State Legislature 99th District (REP),Write-In (WRITE-IN),,City of East Tawas Precinct 1,1
Rep in State Legislature 99th District (REP),Mike Hoadley,Rep,City of Tawas City Precinct 1,180
Rep in State Legislature 99th District (REP),Alan Hover,Rep,City of Tawas City Precinct 1,9
Rep in State Legislature 99th District (REP),Earl Lackie,Rep,City of Tawas City Precinct 1,11
Rep in State Legislature 99th District (REP),Shawn Petri,Rep,City of Tawas City Precinct 1,35
Rep in State Legislature 99th District (REP),Write-In (WRITE-IN),,City of Tawas City Precinct 1,2
Rep in State Legislature 99th District (REP),Mike Hoadley,Rep,City of Whittemore Precinct 1,28
Rep in State Legislature 99th District (REP),Alan Hover,Rep,City of Whittemore Precinct 1,0
Rep in State Legislature 99th District (REP),Earl Lackie,Rep,City of Whittemore Precinct 1,4
Rep in State Legislature 99th District (REP),Shawn Petri,Rep,City of Whittemore Precinct 1,10
Rep in State Legislature 99th District (REP),Write-In (WRITE-IN),,City of Whittemore Precinct 1,0
Rep in State Legislature 99th District (REP),Mike Hoadley,Rep,Grant Township Precinct 1,247
Rep in State Legislature 99th District (REP),Alan Hover,Rep,Grant Township Precinct 1,13
Rep in State Legislature 99th District (REP),Earl Lackie,Rep,Grant Township Precinct 1,16
Rep in State Legislature 99th District (REP),Shawn Petri,Rep,Grant Township Precinct 1,59
Rep in State Legislature 99th District (REP),Write-In (WRITE-IN),,Grant Township Precinct 1,0
Rep in State Legislature 99th District (REP),Mike Hoadley,Rep,Oscoda Township Precinct 1,201
Rep in State Legislature 99th District (REP),Alan Hover,Rep,Oscoda Township Precinct 1,33
Rep in State Legislature 99th District (REP),Earl Lackie,Rep,Oscoda Township Precinct 1,22
Rep in State Legislature 99th District (REP),Shawn Petri,Rep,Oscoda Township Precinct 1,69
Rep in State Legislature 99th District (REP),Write-In (WRITE-IN),,Oscoda Township Precinct 1,2
Rep in State Legislature 99th District (REP),Mike Hoadley,Rep,Oscoda Township Precinct 2,61
Rep in State Legislature 99th District (REP),Alan Hover,Rep,Oscoda Township Precinct 2,10
Rep in State Legislature 99th District (REP),Earl Lackie,Rep,Oscoda Township Precinct 2,14
Rep in State Legislature 99th District (REP),Shawn Petri,Rep,Oscoda Township Precinct 2,11
Rep in State Legislature 99th District (REP),Write-In (WRITE-IN),,Oscoda Township Precinct 2,2
Rep in State Legislature 99th District (REP),Mike Hoadley,Rep,Oscoda Township Precinct 3,166
Rep in State Legislature 99th District (REP),Alan Hover,Rep,Oscoda Township Precinct 3,11
Rep in State Legislature 99th District (REP),Earl Lackie,Rep,Oscoda Township Precinct 3,10
Rep in State Legislature 99th District (REP),Shawn Petri,Rep,Oscoda Township Precinct 3,64
Rep in State Legislature 99th District (REP),Write-In (WRITE-IN),,Oscoda Township Precinct 3,0
Rep in State Legislature 99th District (REP),Mike Hoadley,Rep,Oscoda Township Precinct 4,162
Rep in State Legislature 99th District (REP),Alan Hover,Rep,Oscoda Township Precinct 4,17
Rep in State Legislature 99th District (REP),Earl Lackie,Rep,Oscoda Township Precinct 4,11
Rep in State Legislature 99th District (REP),Shawn Petri,Rep,Oscoda Township Precinct 4,50
Rep in State Legislature 99th District (REP),Write-In (WRITE-IN),,Oscoda Township Precinct 4,1
Rep in State Legislature 99th District (REP),Mike Hoadley,Rep,Plainfield Township Precinct 1,130
Rep in State Legislature 99th District (REP),Alan Hover,Rep,Plainfield Township Precinct 1,16
Rep in State Legislature 99th District (REP),Earl Lackie,Rep,Plainfield Township Precinct 1,30
Rep in State Legislature 99th District (REP),Shawn Petri,Rep,Plainfield Township Precinct 1,43
Rep in State Legislature 99th District (REP),Write-In (WRITE-IN),,Plainfield Township Precinct 1,1
Rep in State Legislature 99th District (REP),Mike Hoadley,Rep,Plainfield Township Precinct 2,251
Rep in State Legislature 99th District (REP),Alan Hover,Rep,Plainfield Township Precinct 2,17
Rep in State Legislature 99th District (REP),Earl Lackie,Rep,Plainfield Township Precinct 2,58
Rep in State Legislature 99th District (REP),Shawn Petri,Rep,Plainfield Township Precinct 2,92
Rep in State Legislature 99th District (REP),Write-In (WRITE-IN),,Plainfield Township Precinct 2,2
Rep in State Legislature 99th District (REP),Mike Hoadley,Rep,Reno Township Precinct 1,62
Rep in State Legislature 99th District (REP),Alan Hover,Rep,Reno Township Precinct 1,2
Rep in State Legislature 99th District (REP),Earl Lackie,Rep,Reno Township Precinct 1,6
Rep in State Legislature 99th District (REP),Shawn Petri,Rep,Reno Township Precinct 1,13
Rep in State Legislature 99th District (REP),Write-In (WRITE-IN),,Reno Township Precinct 1,0
Rep in State Legislature 99th District (REP),Mike Hoadley,Rep,Sherman Township Precinct 1,55
Rep in State Legislature 99th District (REP),Alan Hover,Rep,Sherman Township Precinct 1,2
Rep in State Legislature 99th District (REP),Earl Lackie,Rep,Sherman Township Precinct 1,1
Rep in State Legislature 99th District (REP),Shawn Petri,Rep,Sherman Township Precinct 1,19
Rep in State Legislature 99th District (REP),Write-In (WRITE-IN),,Sherman Township Precinct 1,0
Rep in State Legislature 99th District (REP),Mike Hoadley,Rep,Tawas Township Precinct 1,257
Rep in State Legislature 99th District (REP),Alan Hover,Rep,Tawas Township Precinct 1,11
Rep in State Legislature 99th District (REP),Earl Lackie,Rep,Tawas Township Precinct 1,15
Rep in State Legislature 99th District (REP),Shawn Petri,Rep,Tawas Township Precinct 1,64
Rep in State Legislature 99th District (REP),Write-In (WRITE-IN),,Tawas Township Precinct 1,0
Rep in State Legislature 99th District (REP),Mike Hoadley,Rep,Wilber Township Precinct 1,124
Rep in State Legislature 99th District (REP),Alan Hover,Rep,Wilber Township Precinct 1,4
Rep in State Legislature 99th District (REP),Earl Lackie,Rep,Wilber Township Precinct 1,8
Rep in State Legislature 99th District (REP),Shawn Petri,Rep,Wilber Township Precinct 1,28
Rep in State Legislature 99th District (REP),Write-In (WRITE-IN),,Wilber Township Precinct 1,0
County Commissioner 5th District (REP),David L. Chandler,Rep,Tawas Township Precinct 1,148
County Commissioner 5th District (REP),Donald Jay O'Farrell,Rep,Tawas Township Precinct 1,162
County Commissioner 5th District (REP),Write-In (WRITE-IN),,Tawas Township Precinct 1,1
County Commissioner 5th District (REP),David L. Chandler,Rep,Sherman Township Precinct 1,28
County Commissioner 5th District (REP),Donald Jay O'Farrell,Rep,Sherman Township Precinct 1,49
County Commissioner 5th District (REP),Write-In (WRITE-IN),,Sherman Township Precinct 1,0
County Commissioner 5th District (REP),David L. Chandler,Rep,Reno Township Precinct 1,12
County Commissioner 5th District (REP),Donald Jay O'Farrell,Rep,Reno Township Precinct 1,10
County Commissioner 5th District (REP),Write-In (WRITE-IN),,Reno Township Precinct 1,0
County Commissioner 5th District (REP),David L. Chandler,Rep,Grant Township Precinct 1,34
County Commissioner 5th District (REP),Donald Jay O'Farrell,Rep,Grant Township Precinct 1,70
County Commissioner 5th District (REP),Write-In (WRITE-IN),,Grant Township Precinct 1,0
County Commissioner 5th District (REP),David L. Chandler,Rep,City of Whittemore Precinct 1,20
County Commissioner 5th District (REP),Donald Jay O'Farrell,Rep,City of Whittemore Precinct 1,19
County Commissioner 5th District (REP),Write-In (WRITE-IN),,City of Whittemore Precinct 1,0
County Commissioner 5th District (REP),David L. Chandler,Rep,City of Tawas City Precinct 1,49
County Commissioner 5th District (REP),Donald Jay O'Farrell,Rep,City of Tawas City Precinct 1,57
County Commissioner 5th District (REP),Write-In (WRITE-IN),,City of Tawas City Precinct 1,0
County Commissioner 5th District (REP),David L. Chandler,Rep,Burleigh Township Precinct 1,39
County Commissioner 5th District (REP),Donald Jay O'Farrell,Rep,Burleigh Township Precinct 1,49
County Commissioner 5th District (REP),Write-In (WRITE-IN),,Burleigh Township Precinct 1,2
County Commissioner 5th District (REP),David L. Chandler,Rep,Baldwin Township Precinct 1,7
County Commissioner 5th District (REP),Donald Jay O'Farrell,Rep,Baldwin Township Precinct 1,11
County Commissioner 5th District (REP),Write-In (WRITE-IN),,Baldwin Township Precinct 1,0
County Commissioner 5th District (REP),David L. Chandler,Rep,Alabaster Township Precinct 1,52
County Commissioner 5th District (REP),Donald Jay O'Farrell,Rep,Alabaster Township Precinct 1,62
County Commissioner 5th District (REP),Write-In (WRITE-IN),,Alabaster Township Precinct 1,0
Township Trustee for Alabaster Township Partial Term (REP),Write-In (WRITE-IN),,Alabaster Township Precinct 1,17
Precinct Delegate for Alabaster Township  Precinct 1 (REP),Write-In (WRITE-IN),,Alabaster Township Precinct 1,28
Iosco County Animal Control Millage,Yes,,Oscoda Township Precinct 4,324
Iosco County Animal Control Millage,No,,Oscoda Township Precinct 4,112
Iosco County Animal Control Millage,Yes,,City of Tawas City Precinct 1,276
Iosco County Animal Control Millage,No,,City of Tawas City Precinct 1,108
Iosco County Animal Control Millage,Yes,,Plainfield Township Precinct 2,420
Iosco County Animal Control Millage,No,,Plainfield Township Precinct 2,250
Iosco County Animal Control Millage,Yes,,Alabaster Township Precinct 1,116
Iosco County Animal Control Millage,No,,Alabaster Township Precinct 1,53
Iosco County Animal Control Millage,Yes,,City of East Tawas Precinct 1,561
Iosco County Animal Control Millage,No,,City of East Tawas Precinct 1,223
Iosco County Animal Control Millage,Yes,,Plainfield Township Precinct 1,224
Iosco County Animal Control Millage,No,,Plainfield Township Precinct 1,136
Iosco County Animal Control Millage,Yes,,Burleigh Township Precinct 1,79
Iosco County Animal Control Millage,No,,Burleigh Township Precinct 1,55
Iosco County Animal Control Millage,Yes,,Reno Township Precinct 1,61
Iosco County Animal Control Millage,No,,Reno Township Precinct 1,64
Iosco County Animal Control Millage,Yes,,Oscoda Township Precinct 2,103
Iosco County Animal Control Millage,No,,Oscoda Township Precinct 2,74
Iosco County Animal Control Millage,Yes,,Oscoda Township Precinct 1,419
Iosco County Animal Control Millage,No,,Oscoda Township Precinct 1,190
Iosco County Animal Control Millage,Yes,,Sherman Township Precinct 1,49
Iosco County Animal Control Millage,No,,Sherman Township Precinct 1,54
Iosco County Animal Control Millage,Yes,,City of Whittemore Precinct 1,37
Iosco County Animal Control Millage,No,,City of Whittemore Precinct 1,24
Iosco County Animal Control Millage,Yes,,Wilber Township Precinct 1,182
Iosco County Animal Control Millage,No,,Wilber Township Precinct 1,96
Iosco County Animal Control Millage,Yes,,Baldwin Township Precinct 1,346
Iosco County Animal Control Millage,No,,Baldwin Township Precinct 1,153
Iosco County Animal Control Millage,Yes,,Oscoda Township Precinct 3,302
Iosco County Animal Control Millage,No,,Oscoda Township Precinct 3,141
Iosco County Animal Control Millage,Yes,,AuSable Township Precinct 1,342
Iosco County Animal Control Millage,No,,AuSable Township Precinct 1,144
Iosco County Animal Control Millage,Yes,,Tawas Township Precinct 1,266
Iosco County Animal Control Millage,No,,Tawas Township Precinct 1,195
Iosco County Animal Control Millage,Yes,,Grant Township Precinct 1,318
Iosco County Animal Control Millage,No,,Grant Township Precinct 1,190
Iosco County Commission on Aging 2022 Renewal Millage,Yes,,Oscoda Township Precinct 4,347
Iosco County Commission on Aging 2022 Renewal Millage,No,,Oscoda Township Precinct 4,93
Iosco County Commission on Aging 2022 Renewal Millage,Yes,,Sherman Township Precinct 1,66
Iosco County Commission on Aging 2022 Renewal Millage,No,,Sherman Township Precinct 1,34
Iosco County Commission on Aging 2022 Renewal Millage,Yes,,City of Whittemore Precinct 1,44
Iosco County Commission on Aging 2022 Renewal Millage,No,,City of Whittemore Precinct 1,16
Iosco County Commission on Aging 2022 Renewal Millage,Yes,,Reno Township Precinct 1,98
Iosco County Commission on Aging 2022 Renewal Millage,No,,Reno Township Precinct 1,29
Iosco County Commission on Aging 2022 Renewal Millage,Yes,,Oscoda Township Precinct 3,351
Iosco County Commission on Aging 2022 Renewal Millage,No,,Oscoda Township Precinct 3,94
Iosco County Commission on Aging 2022 Renewal Millage,Yes,,City of Tawas City Precinct 1,298
Iosco County Commission on Aging 2022 Renewal Millage,No,,City of Tawas City Precinct 1,83
Iosco County Commission on Aging 2022 Renewal Millage,Yes,,Plainfield Township Precinct 2,526
Iosco County Commission on Aging 2022 Renewal Millage,No,,Plainfield Township Precinct 2,150
Iosco County Commission on Aging 2022 Renewal Millage,Yes,,Tawas Township Precinct 1,332
Iosco County Commission on Aging 2022 Renewal Millage,No,,Tawas Township Precinct 1,134
Iosco County Commission on Aging 2022 Renewal Millage,Yes,,Oscoda Township Precinct 2,118
Iosco County Commission on Aging 2022 Renewal Millage,No,,Oscoda Township Precinct 2,57
Iosco County Commission on Aging 2022 Renewal Millage,Yes,,AuSable Township Precinct 1,376
Iosco County Commission on Aging 2022 Renewal Millage,No,,AuSable Township Precinct 1,112
Iosco County Commission on Aging 2022 Renewal Millage,Yes,,Plainfield Township Precinct 1,280
Iosco County Commission on Aging 2022 Renewal Millage,No,,Plainfield Township Precinct 1,77
Iosco County Commission on Aging 2022 Renewal Millage,Yes,,Alabaster Township Precinct 1,133
Iosco County Commission on Aging 2022 Renewal Millage,No,,Alabaster Township Precinct 1,39
Iosco County Commission on Aging 2022 Renewal Millage,Yes,,City of East Tawas Precinct 1,640
Iosco County Commission on Aging 2022 Renewal Millage,No,,City of East Tawas Precinct 1,151
Iosco County Commission on Aging 2022 Renewal Millage,Yes,,Wilber Township Precinct 1,198
Iosco County Commission on Aging 2022 Renewal Millage,No,,Wilber Township Precinct 1,79
Iosco County Commission on Aging 2022 Renewal Millage,Yes,,Burleigh Township Precinct 1,105
Iosco County Commission on Aging 2022 Renewal Millage,No,,Burleigh Township Precinct 1,32
Iosco County Commission on Aging 2022 Renewal Millage,Yes,,Grant Township Precinct 1,373
Iosco County Commission on Aging 2022 Renewal Millage,No,,Grant Township Precinct 1,133
Iosco County Commission on Aging 2022 Renewal Millage,Yes,,Baldwin Township Precinct 1,392
Iosco County Commission on Aging 2022 Renewal Millage,No,,Baldwin Township Precinct 1,108
Iosco County Commission on Aging 2022 Renewal Millage,Yes,,Oscoda Township Precinct 1,433
Iosco County Commission on Aging 2022 Renewal Millage,No,,Oscoda Township Precinct 1,173
Proposal To Replace Iosco County Emergency Medical Services Millage,Yes,,Plainfield Township Precinct 2,440
Proposal To Replace Iosco County Emergency Medical Services Millage,No,,Plainfield Township Precinct 2,231
Proposal To Replace Iosco County Emergency Medical Services Millage,Yes,,Sherman Township Precinct 1,48
Proposal To Replace Iosco County Emergency Medical Services Millage,No,,Sherman Township Precinct 1,54
Proposal To Replace Iosco County Emergency Medical Services Millage,Yes,,Reno Township Precinct 1,73
Proposal To Replace Iosco County Emergency Medical Services Millage,No,,Reno Township Precinct 1,53
Proposal To Replace Iosco County Emergency Medical Services Millage,Yes,,Oscoda Township Precinct 3,309
Proposal To Replace Iosco County Emergency Medical Services Millage,No,,Oscoda Township Precinct 3,137
Proposal To Replace Iosco County Emergency Medical Services Millage,Yes,,Oscoda Township Precinct 1,384
Proposal To Replace Iosco County Emergency Medical Services Millage,No,,Oscoda Township Precinct 1,221
Proposal To Replace Iosco County Emergency Medical Services Millage,Yes,,Oscoda Township Precinct 2,104
Proposal To Replace Iosco County Emergency Medical Services Millage,No,,Oscoda Township Precinct 2,72
Proposal To Replace Iosco County Emergency Medical Services Millage,Yes,,City of East Tawas Precinct 1,562
Proposal To Replace Iosco County Emergency Medical Services Millage,No,,City of East Tawas Precinct 1,222
Proposal To Replace Iosco County Emergency Medical Services Millage,Yes,,AuSable Township Precinct 1,322
Proposal To Replace Iosco County Emergency Medical Services Millage,No,,AuSable Township Precinct 1,168
Proposal To Replace Iosco County Emergency Medical Services Millage,Yes,,Wilber Township Precinct 1,186
Proposal To Replace Iosco County Emergency Medical Services Millage,No,,Wilber Township Precinct 1,90
Proposal To Replace Iosco County Emergency Medical Services Millage,Yes,,Oscoda Township Precinct 4,313
Proposal To Replace Iosco County Emergency Medical Services Millage,No,,Oscoda Township Precinct 4,125
Proposal To Replace Iosco County Emergency Medical Services Millage,Yes,,City of Whittemore Precinct 1,40
Proposal To Replace Iosco County Emergency Medical Services Millage,No,,City of Whittemore Precinct 1,21
Proposal To Replace Iosco County Emergency Medical Services Millage,Yes,,Alabaster Township Precinct 1,124
Proposal To Replace Iosco County Emergency Medical Services Millage,No,,Alabaster Township Precinct 1,45
Proposal To Replace Iosco County Emergency Medical Services Millage,Yes,,Baldwin Township Precinct 1,339
Proposal To Replace Iosco County Emergency Medical Services Millage,No,,Baldwin Township Precinct 1,159
Proposal To Replace Iosco County Emergency Medical Services Millage,Yes,,Plainfield Township Precinct 1,224
Proposal To Replace Iosco County Emergency Medical Services Millage,No,,Plainfield Township Precinct 1,133
Proposal To Replace Iosco County Emergency Medical Services Millage,Yes,,Burleigh Township Precinct 1,76
Proposal To Replace Iosco County Emergency Medical Services Millage,No,,Burleigh Township Precinct 1,57
Proposal To Replace Iosco County Emergency Medical Services Millage,Yes,,Tawas Township Precinct 1,281
Proposal To Replace Iosco County Emergency Medical Services Millage,No,,Tawas Township Precinct 1,179
Proposal To Replace Iosco County Emergency Medical Services Millage,Yes,,City of Tawas City Precinct 1,246
Proposal To Replace Iosco County Emergency Medical Services Millage,No,,City of Tawas City Precinct 1,133
Proposal To Replace Iosco County Emergency Medical Services Millage,Yes,,Grant Township Precinct 1,311
Proposal To Replace Iosco County Emergency Medical Services Millage,No,,Grant Township Precinct 1,197
Iosco County General Operating Tax Levy Proposal,Yes,,Baldwin Township Precinct 1,262
Iosco County General Operating Tax Levy Proposal,No,,Baldwin Township Precinct 1,231
Iosco County General Operating Tax Levy Proposal,Yes,,Tawas Township Precinct 1,209
Iosco County General Operating Tax Levy Proposal,No,,Tawas Township Precinct 1,252
Iosco County General Operating Tax Levy Proposal,Yes,,AuSable Township Precinct 1,230
Iosco County General Operating Tax Levy Proposal,No,,AuSable Township Precinct 1,250
Iosco County General Operating Tax Levy Proposal,Yes,,City of Whittemore Precinct 1,31
Iosco County General Operating Tax Levy Proposal,No,,City of Whittemore Precinct 1,30
Iosco County General Operating Tax Levy Proposal,Yes,,Wilber Township Precinct 1,130
Iosco County General Operating Tax Levy Proposal,No,,Wilber Township Precinct 1,144
Iosco County General Operating Tax Levy Proposal,Yes,,Oscoda Township Precinct 1,254
Iosco County General Operating Tax Levy Proposal,No,,Oscoda Township Precinct 1,352
Iosco County General Operating Tax Levy Proposal,Yes,,Oscoda Township Precinct 4,204
Iosco County General Operating Tax Levy Proposal,No,,Oscoda Township Precinct 4,233
Iosco County General Operating Tax Levy Proposal,Yes,,Burleigh Township Precinct 1,52
Iosco County General Operating Tax Levy Proposal,No,,Burleigh Township Precinct 1,81
Iosco County General Operating Tax Levy Proposal,Yes,,Oscoda Township Precinct 3,224
Iosco County General Operating Tax Levy Proposal,No,,Oscoda Township Precinct 3,218
Iosco County General Operating Tax Levy Proposal,Yes,,City of Tawas City Precinct 1,190
Iosco County General Operating Tax Levy Proposal,No,,City of Tawas City Precinct 1,185
Iosco County General Operating Tax Levy Proposal,Yes,,Alabaster Township Precinct 1,81
Iosco County General Operating Tax Levy Proposal,No,,Alabaster Township Precinct 1,88
Iosco County General Operating Tax Levy Proposal,Yes,,Plainfield Township Precinct 1,127
Iosco County General Operating Tax Levy Proposal,No,,Plainfield Township Precinct 1,220
Iosco County General Operating Tax Levy Proposal,Yes,,Plainfield Township Precinct 2,293
Iosco County General Operating Tax Levy Proposal,No,,Plainfield Township Precinct 2,365
Iosco County General Operating Tax Levy Proposal,Yes,,Sherman Township Precinct 1,31
Iosco County General Operating Tax Levy Proposal,No,,Sherman Township Precinct 1,73
Iosco County General Operating Tax Levy Proposal,Yes,,Grant Township Precinct 1,203
Iosco County General Operating Tax Levy Proposal,No,,Grant Township Precinct 1,297
Iosco County General Operating Tax Levy Proposal,Yes,,Reno Township Precinct 1,54
Iosco County General Operating Tax Levy Proposal,No,,Reno Township Precinct 1,68
Iosco County General Operating Tax Levy Proposal,Yes,,City of East Tawas Precinct 1,444
Iosco County General Operating Tax Levy Proposal,No,,City of East Tawas Precinct 1,333
Iosco County General Operating Tax Levy Proposal,Yes,,Oscoda Township Precinct 2,70
Iosco County General Operating Tax Levy Proposal,No,,Oscoda Township Precinct 2,106
Iosco County County Veterans Services Program Proposal,Yes,,Alabaster Township Precinct 1,124
Iosco County County Veterans Services Program Proposal,No,,Alabaster Township Precinct 1,29
Iosco County County Veterans Services Program Proposal,Yes,,City of East Tawas Precinct 1,607
Iosco County County Veterans Services Program Proposal,No,,City of East Tawas Precinct 1,174
Iosco County County Veterans Services Program Proposal,Yes,,City of Tawas City Precinct 1,279
Iosco County County Veterans Services Program Proposal,No,,City of Tawas City Precinct 1,98
Iosco County County Veterans Services Program Proposal,Yes,,Oscoda Township Precinct 3,333
Iosco County County Veterans Services Program Proposal,No,,Oscoda Township Precinct 3,80
Iosco County County Veterans Services Program Proposal,Yes,,Plainfield Township Precinct 2,452
Iosco County County Veterans Services Program Proposal,No,,Plainfield Township Precinct 2,191
Iosco County County Veterans Services Program Proposal,Yes,,Tawas Township Precinct 1,329
Iosco County County Veterans Services Program Proposal,No,,Tawas Township Precinct 1,127
Iosco County County Veterans Services Program Proposal,Yes,,Oscoda Township Precinct 4,340
Iosco County County Veterans Services Program Proposal,No,,Oscoda Township Precinct 4,83
Iosco County County Veterans Services Program Proposal,Yes,,Wilber Township Precinct 1,211
Iosco County County Veterans Services Program Proposal,No,,Wilber Township Precinct 1,61
Iosco County County Veterans Services Program Proposal,Yes,,Sherman Township Precinct 1,70
Iosco County County Veterans Services Program Proposal,No,,Sherman Township Precinct 1,31
Iosco County County Veterans Services Program Proposal,Yes,,Burleigh Township Precinct 1,92
Iosco County County Veterans Services Program Proposal,No,,Burleigh Township Precinct 1,36
Iosco County County Veterans Services Program Proposal,Yes,,Plainfield Township Precinct 1,256
Iosco County County Veterans Services Program Proposal,No,,Plainfield Township Precinct 1,102
Iosco County County Veterans Services Program Proposal,Yes,,Grant Township Precinct 1,341
Iosco County County Veterans Services Program Proposal,No,,Grant Township Precinct 1,149
Iosco County County Veterans Services Program Proposal,Yes,,Oscoda Township Precinct 2,122
Iosco County County Veterans Services Program Proposal,No,,Oscoda Township Precinct 2,54
Iosco County County Veterans Services Program Proposal,Yes,,Reno Township Precinct 1,93
Iosco County County Veterans Services Program Proposal,No,,Reno Township Precinct 1,31
Iosco County County Veterans Services Program Proposal,Yes,,Oscoda Township Precinct 1,433
Iosco County County Veterans Services Program Proposal,No,,Oscoda Township Precinct 1,150
Iosco County County Veterans Services Program Proposal,Yes,,AuSable Township Precinct 1,390
Iosco County County Veterans Services Program Proposal,No,,AuSable Township Precinct 1,88
Iosco County County Veterans Services Program Proposal,Yes,,Baldwin Township Precinct 1,363
Iosco County County Veterans Services Program Proposal,No,,Baldwin Township Precinct 1,108
Iosco County County Veterans Services Program Proposal,Yes,,City of Whittemore Precinct 1,41
Iosco County County Veterans Services Program Proposal,No,,City of Whittemore Precinct 1,18
Library Millage Renewal,Yes,,Grant Township Precinct 1,271
Library Millage Renewal,No,,Grant Township Precinct 1,214
Library Millage Renewal,Yes,,Sherman Township Precinct 1,43
Library Millage Renewal,No,,Sherman Township Precinct 1,57
Library Millage Renewal,Yes,,Oscoda Township Precinct 1,361
Library Millage Renewal,No,,Oscoda Township Precinct 1,218
Library Millage Renewal,Yes,,Baldwin Township Precinct 1,315
Library Millage Renewal,No,,Baldwin Township Precinct 1,156
Library Millage Renewal,Yes,,City of Tawas City Precinct 1,258
Library Millage Renewal,No,,City of Tawas City Precinct 1,117
Library Millage Renewal,Yes,,Tawas Township Precinct 1,263
Library Millage Renewal,No,,Tawas Township Precinct 1,191
Library Millage Renewal,Yes,,Plainfield Township Precinct 1,195
Library Millage Renewal,No,,Plainfield Township Precinct 1,158
Library Millage Renewal,Yes,,Burleigh Township Precinct 1,97
Library Millage Renewal,No,,Burleigh Township Precinct 1,32
Library Millage Renewal,Yes,,Oscoda Township Precinct 3,306
Library Millage Renewal,No,,Oscoda Township Precinct 3,108
Library Millage Renewal,Yes,,Reno Township Precinct 1,74
Library Millage Renewal,No,,Reno Township Precinct 1,49
Library Millage Renewal,Yes,,City of Whittemore Precinct 1,42
Library Millage Renewal,No,,City of Whittemore Precinct 1,17
Library Millage Renewal,Yes,,AuSable Township Precinct 1,318
Library Millage Renewal,No,,AuSable Township Precinct 1,160
Library Millage Renewal,Yes,,Alabaster Township Precinct 1,117
Library Millage Renewal,No,,Alabaster Township Precinct 1,39
Library Millage Renewal,Yes,,Oscoda Township Precinct 4,305
Library Millage Renewal,No,,Oscoda Township Precinct 4,112
Library Millage Renewal,Yes,,City of East Tawas Precinct 1,570
Library Millage Renewal,No,,City of East Tawas Precinct 1,213
Library Millage Renewal,Yes,,Plainfield Township Precinct 2,417
Library Millage Renewal,No,,Plainfield Township Precinct 2,233
Library Millage Renewal,Yes,,Wilber Township Precinct 1,173
Library Millage Renewal,No,,Wilber Township Precinct 1,101
Library Millage Renewal,Yes,,Oscoda Township Precinct 2,92
Library Millage Renewal,No,,Oscoda Township Precinct 2,83
County Commissioner 2nd District (DEM),Cynthia C. Schwedler,Dem,AuSable Township Precinct 1,199
County Commissioner 2nd District (DEM),Write-In (WRITE-IN),,AuSable Township Precinct 1,0
County Commissioner 2nd District (DEM),Cynthia C. Schwedler,Dem,Oscoda Township Precinct 3,30
County Commissioner 2nd District (DEM),Write-In (WRITE-IN),,Oscoda Township Precinct 3,0
County Commissioner 2nd District (DEM),Cynthia C. Schwedler,Dem,Oscoda Township Precinct 4,161
County Commissioner 2nd District (DEM),Write-In (WRITE-IN),,Oscoda Township Precinct 4,0
Township Trustee for AuSable Township Partial Term (DEM),Write-In (WRITE-IN),,AuSable Township Precinct 1,23
Precinct Delegate for AuSable Township  Precinct 1 (DEM),Write-In (WRITE-IN),,AuSable Township Precinct 1,27
County Commissioner 2nd District (REP),Terry E. Dutcher,Rep,AuSable Township Precinct 1,154
County Commissioner 2nd District (REP),Mark R. Miller,Rep,AuSable Township Precinct 1,86
County Commissioner 2nd District (REP),Write-In (WRITE-IN),,AuSable Township Precinct 1,1
County Commissioner 2nd District (REP),Terry E. Dutcher,Rep,Oscoda Township Precinct 3,29
County Commissioner 2nd District (REP),Mark R. Miller,Rep,Oscoda Township Precinct 3,26
County Commissioner 2nd District (REP),Write-In (WRITE-IN),,Oscoda Township Precinct 3,0
County Commissioner 2nd District (REP),Terry E. Dutcher,Rep,Oscoda Township Precinct 4,121
County Commissioner 2nd District (REP),Mark R. Miller,Rep,Oscoda Township Precinct 4,112
County Commissioner 2nd District (REP),Write-In (WRITE-IN),,Oscoda Township Precinct 4,3
Township Trustee for AuSable Township Partial Term (REP),Diana L. London,Rep,AuSable Township Precinct 1,226
Township Trustee for AuSable Township Partial Term (REP),Write-In (WRITE-IN),,AuSable Township Precinct 1,2
Precinct Delegate for AuSable Township  Precinct 1 (REP),Write-In (WRITE-IN),,AuSable Township Precinct 1,32
County Commissioner 1st District (DEM),Write-In (WRITE-IN),,Baldwin Township Precinct 1,3
County Commissioner 1st District (DEM),Write-In (WRITE-IN),,Oscoda Township Precinct 1,35
County Commissioner 1st District (DEM),Write-In (WRITE-IN),,Oscoda Township Precinct 2,6
County Commissioner 1st District (DEM),Write-In (WRITE-IN),,Oscoda Township Precinct 3,17
County Commissioner 1st District (DEM),Write-In (WRITE-IN),,Tawas Township Precinct 1,1
County Commissioner 1st District (DEM),Write-In (WRITE-IN),,Wilber Township Precinct 1,20
County Commissioner 4th District (DEM),Write-In (WRITE-IN),,City of Tawas City Precinct 1,12
County Commissioner 4th District (DEM),Write-In (WRITE-IN),,City of East Tawas Precinct 1,31
County Commissioner 4th District (DEM),Write-In (WRITE-IN),,Baldwin Township Precinct 1,21
Precinct Delegate for Baldwin Township  Precinct 1 (DEM),Kenneth A. Miller,Dem,Baldwin Township Precinct 1,136
Precinct Delegate for Baldwin Township  Precinct 1 (DEM),Write-In (WRITE-IN),,Baldwin Township Precinct 1,1
County Commissioner 1st District (REP),Robert Huebel,Rep,Oscoda Township Precinct 1,188
County Commissioner 1st District (REP),Jeffrey R. Linderman,Rep,Oscoda Township Precinct 1,160
County Commissioner 1st District (REP),Write-In (WRITE-IN),,Oscoda Township Precinct 1,0
County Commissioner 1st District (REP),Robert Huebel,Rep,Baldwin Township Precinct 1,37
County Commissioner 1st District (REP),Jeffrey R. Linderman,Rep,Baldwin Township Precinct 1,18
County Commissioner 1st District (REP),Write-In (WRITE-IN),,Baldwin Township Precinct 1,1
County Commissioner 1st District (REP),Robert Huebel,Rep,Oscoda Township Precinct 2,40
County Commissioner 1st District (REP),Jeffrey R. Linderman,Rep,Oscoda Township Precinct 2,27
County Commissioner 1st District (REP),Write-In (WRITE-IN),,Oscoda Township Precinct 2,0
County Commissioner 1st District (REP),Robert Huebel,Rep,Oscoda Township Precinct 3,124
County Commissioner 1st District (REP),Jeffrey R. Linderman,Rep,Oscoda Township Precinct 3,84
County Commissioner 1st District (REP),Write-In (WRITE-IN),,Oscoda Township Precinct 3,0
County Commissioner 1st District (REP),Robert Huebel,Rep,Tawas Township Precinct 1,17
County Commissioner 1st District (REP),Jeffrey R. Linderman,Rep,Tawas Township Precinct 1,9
County Commissioner 1st District (REP),Write-In (WRITE-IN),,Tawas Township Precinct 1,0
County Commissioner 1st District (REP),Robert Huebel,Rep,Wilber Township Precinct 1,106
County Commissioner 1st District (REP),Jeffrey R. Linderman,Rep,Wilber Township Precinct 1,55
County Commissioner 1st District (REP),Write-In (WRITE-IN),,Wilber Township Precinct 1,0
County Commissioner 4th District (REP),Brian J. Loeffler,Rep,Baldwin Township Precinct 1,128
County Commissioner 4th District (REP),James Donald Miner,Rep,Baldwin Township Precinct 1,95
County Commissioner 4th District (REP),Write-In (WRITE-IN),,Baldwin Township Precinct 1,0
County Commissioner 4th District (REP),Brian J. Loeffler,Rep,City of East Tawas Precinct 1,321
County Commissioner 4th District (REP),James Donald Miner,Rep,City of East Tawas Precinct 1,223
County Commissioner 4th District (REP),Write-In (WRITE-IN),,City of East Tawas Precinct 1,1
County Commissioner 4th District (REP),Brian J. Loeffler,Rep,City of Tawas City Precinct 1,84
County Commissioner 4th District (REP),James Donald Miner,Rep,City of Tawas City Precinct 1,46
County Commissioner 4th District (REP),Write-In (WRITE-IN),,City of Tawas City Precinct 1,1
Precinct Delegate for Baldwin Township  Precinct 1 (REP),Shelley A. Gates,Rep,Baldwin Township Precinct 1,167
Precinct Delegate for Baldwin Township  Precinct 1 (REP),Jane C. Ruster,Rep,Baldwin Township Precinct 1,172
Precinct Delegate for Baldwin Township  Precinct 1 (REP),Patrick B. Ruster,Rep,Baldwin Township Precinct 1,179
Precinct Delegate for Baldwin Township  Precinct 1 (REP),Write-In (WRITE-IN),,Baldwin Township Precinct 1,0
Proposal for Baldwin Township,Yes,,Baldwin Township Precinct 1,337
Proposal for Baldwin Township,No,,Baldwin Township Precinct 1,162
Township Trustee for Burleigh Township Partial Term (DEM),Paul L. Birkenbach,,Burleigh Township Precinct 1,30
Township Trustee for Burleigh Township Partial Term (DEM),Write-In (WRITE-IN),,Burleigh Township Precinct 1,0
Precinct Delegate for Burleigh Township  Precinct 1 (DEM),Write-In (WRITE-IN),,Burleigh Township Precinct 1,8
Township Trustee for Burleigh Township Partial Term (REP),Write-In (WRITE-IN),,Burleigh Township Precinct 1,12
Precinct Delegate for Burleigh Township  Precinct 1 (REP),David Chandler,Rep,Burleigh Township Precinct 1,65
Precinct Delegate for Burleigh Township  Precinct 1 (REP),Write-In (WRITE-IN),,Burleigh Township Precinct 1,2
Proposal for Burleigh Township,Yes,,Burleigh Township Precinct 1,112
Proposal for Burleigh Township,No,,Burleigh Township Precinct 1,28
County Commissioner 3rd District (DEM),Rebekah F. Mason,Dem,Plainfield Township Precinct 1,107
County Commissioner 3rd District (DEM),Write-In (WRITE-IN),,Plainfield Township Precinct 1,0
County Commissioner 3rd District (DEM),Rebekah F. Mason,Dem,Plainfield Township Precinct 2,209
County Commissioner 3rd District (DEM),Write-In (WRITE-IN),,Plainfield Township Precinct 2,0
County Commissioner 3rd District (DEM),Rebekah F. Mason,Dem,Reno Township Precinct 1,23
County Commissioner 3rd District (DEM),Write-In (WRITE-IN),,Reno Township Precinct 1,0
County Commissioner 3rd District (DEM),Rebekah F. Mason,Dem,Oscoda Township Precinct 2,33
County Commissioner 3rd District (DEM),Write-In (WRITE-IN),,Oscoda Township Precinct 2,0
County Commissioner 3rd District (DEM),Rebekah F. Mason,Dem,Grant Township Precinct 1,80
County Commissioner 3rd District (DEM),Write-In (WRITE-IN),,Grant Township Precinct 1,0
Township Supervisor for Grant Township Partial Term (DEM),Carole Bleau,Dem,Grant Township Precinct 1,92
Township Supervisor for Grant Township Partial Term (DEM),Write-In (WRITE-IN),,Grant Township Precinct 1,0
Precinct Delegate for Grant Township  Precinct 1 (DEM),Write-In (WRITE-IN),,Grant Township Precinct 1,16
County Commissioner 3rd District (REP),Charles Finley,Rep,Grant Township Precinct 1,201
County Commissioner 3rd District (REP),Write-In (WRITE-IN),,Grant Township Precinct 1,0
County Commissioner 3rd District (REP),Charles Finley,Rep,Oscoda Township Precinct 2,24
County Commissioner 3rd District (REP),Write-In (WRITE-IN),,Oscoda Township Precinct 2,0
County Commissioner 3rd District (REP),Charles Finley,Rep,Plainfield Township Precinct 1,187
County Commissioner 3rd District (REP),Write-In (WRITE-IN),,Plainfield Township Precinct 1,1
County Commissioner 3rd District (REP),Charles Finley,Rep,Plainfield Township Precinct 2,368
County Commissioner 3rd District (REP),Write-In (WRITE-IN),,Plainfield Township Precinct 2,5
County Commissioner 3rd District (REP),Charles Finley,Rep,Reno Township Precinct 1,48
County Commissioner 3rd District (REP),Write-In (WRITE-IN),,Reno Township Precinct 1,1
Township Supervisor for Grant Township Partial Term (REP),Terry L. Beardslee,Rep,Grant Township Precinct 1,125
Township Supervisor for Grant Township Partial Term (REP),Todd M. Torrey,Rep,Grant Township Precinct 1,172
Township Supervisor for Grant Township Partial Term (REP),Ron Quinkert  Sr.,Rep,Grant Township Precinct 1,93
Township Supervisor for Grant Township Partial Term (REP),Write-In (WRITE-IN),,Grant Township Precinct 1,0
Precinct Delegate for Grant Township  Precinct 1 (REP),Write-In (WRITE-IN),,Grant Township Precinct 1,35
Proposal for Hale Area Schools,Yes,,Plainfield Township Precinct 1,221
Proposal for Hale Area Schools,No,,Plainfield Township Precinct 1,134
Proposal for Hale Area Schools,Yes,,Grant Township Precinct 1,5
Proposal for Hale Area Schools,No,,Grant Township Precinct 1,9
Proposal for Hale Area Schools,Yes,,Reno Township Precinct 1,38
Proposal for Hale Area Schools,No,,Reno Township Precinct 1,25
Proposal for Hale Area Schools,Yes,,Plainfield Township Precinct 2,447
Proposal for Hale Area Schools,No,,Plainfield Township Precinct 2,208
Precinct Delegate for Oscoda Township  Precinct 1 (DEM),Judith M. Schuler,Dem,Oscoda Township Precinct 1,207
Precinct Delegate for Oscoda Township  Precinct 1 (DEM),Write-In (WRITE-IN),,Oscoda Township Precinct 1,0
Precinct Delegate for Oscoda Township  Precinct 1 (REP),Jeffrey Linderman,Rep,Oscoda Township Precinct 1,285
Precinct Delegate for Oscoda Township  Precinct 1 (REP),Write-In (WRITE-IN),,Oscoda Township Precinct 1,5
Precinct Delegate for Oscoda Township  Precinct 2 (DEM),Write-In (WRITE-IN),,Oscoda Township Precinct 2,19
Precinct Delegate for Oscoda Township  Precinct 2 (REP),Jane Ann Hayward,Rep,Oscoda Township Precinct 2,86
Precinct Delegate for Oscoda Township  Precinct 2 (REP),Write-In (WRITE-IN),,Oscoda Township Precinct 2,0
Precinct Delegate for Oscoda Township  Precinct 3 (DEM),Write-In (WRITE-IN),,Oscoda Township Precinct 3,9
Precinct Delegate for Oscoda Township  Precinct 3 (REP),Paul Rekowski,Rep,Oscoda Township Precinct 3,131
Precinct Delegate for Oscoda Township  Precinct 3 (REP),Deborah Sutton,Rep,Oscoda Township Precinct 3,97
Precinct Delegate for Oscoda Township  Precinct 3 (REP),Joshua Sutton,Rep,Oscoda Township Precinct 3,111
Precinct Delegate for Oscoda Township  Precinct 3 (REP),Write-In (WRITE-IN),,Oscoda Township Precinct 3,1
Precinct Delegate for Oscoda Township  Precinct 4 (DEM),Write-In (WRITE-IN),,Oscoda Township Precinct 4,13
Precinct Delegate for Oscoda Township  Precinct 4 (REP),Mark R. Miller,Rep,Oscoda Township Precinct 4,166
Precinct Delegate for Oscoda Township  Precinct 4 (REP),Sharon M. Savage,Rep,Oscoda Township Precinct 4,111
Precinct Delegate for Oscoda Township  Precinct 4 (REP),Write-In (WRITE-IN),,Oscoda Township Precinct 4,3
Precinct Delegate for Plainfield Township  Precinct 1 (DEM),Write-In (WRITE-IN),,Plainfield Township Precinct 1,20
Precinct Delegate for Plainfield Township  Precinct 1 (REP),Earl P. Lackie,Rep,Plainfield Township Precinct 1,174
Precinct Delegate for Plainfield Township  Precinct 1 (REP),Write-In (WRITE-IN),,Plainfield Township Precinct 1,1
Plainfield Township Medical First Responder  Millage,Yes,,Plainfield Township Precinct 1,263
Plainfield Township Medical First Responder  Millage,No,,Plainfield Township Precinct 1,98
Plainfield Township Medical First Responder  Millage,Yes,,Plainfield Township Precinct 2,553
Plainfield Township Medical First Responder  Millage,No,,Plainfield Township Precinct 2,128
Plainfield Township Fire Millage Renewal,Yes,,Plainfield Township Precinct 2,537
Plainfield Township Fire Millage Renewal,No,,Plainfield Township Precinct 2,119
Plainfield Township Fire Millage Renewal,Yes,,Plainfield Township Precinct 1,274
Plainfield Township Fire Millage Renewal,No,,Plainfield Township Precinct 1,86
Precinct Delegate for Plainfield Township  Precinct 2 (DEM),James Mortimer,Dem,Plainfield Township Precinct 2,196
Precinct Delegate for Plainfield Township  Precinct 2 (DEM),Write-In (WRITE-IN),,Plainfield Township Precinct 2,3
Precinct Delegate for Plainfield Township  Precinct 2 (REP),Marlene L. Haggerty,Rep,Plainfield Township Precinct 2,291
Precinct Delegate for Plainfield Township  Precinct 2 (REP),Patrick J. Haggerty,Rep,Plainfield Township Precinct 2,296
Precinct Delegate for Plainfield Township  Precinct 2 (REP),Write-In (WRITE-IN),,Plainfield Township Precinct 2,2
Precinct Delegate for Reno Township  Precinct 1 (DEM),Write-In (WRITE-IN),,Reno Township Precinct 1,16
Precinct Delegate for Reno Township  Precinct 1 (REP),Write-In (WRITE-IN),,Reno Township Precinct 1,24
Proposal for Reno Township,Yes,,Reno Township Precinct 1,108
Proposal for Reno Township,No,,Reno Township Precinct 1,21
Township Supervisor for Sherman Township Partial Term (DEM),Karen Murringer,Dem,Sherman Township Precinct 1,18
Township Supervisor for Sherman Township Partial Term (DEM),Write-In (WRITE-IN),,Sherman Township Precinct 1,0
Precinct Delegate for Sherman Township  Precinct 1 (DEM),Write-In (WRITE-IN),,Sherman Township Precinct 1,4
Township Supervisor for Sherman Township Partial Term (REP),Mark Moers,Rep,Sherman Township Precinct 1,68
Township Supervisor for Sherman Township Partial Term (REP),Write-In (WRITE-IN),,Sherman Township Precinct 1,1
Precinct Delegate for Sherman Township  Precinct 1 (REP),Rodney Wood,Rep,Sherman Township Precinct 1,63
Precinct Delegate for Sherman Township  Precinct 1 (REP),Write-In (WRITE-IN),,Sherman Township Precinct 1,0
Precinct Delegate for Tawas Township  Precinct 1 (DEM),Write-In (WRITE-IN),,Tawas Township Precinct 1,13
Precinct Delegate for Tawas Township  Precinct 1 (REP),Jewel T. Fritz,Rep,Tawas Township Precinct 1,108
Precinct Delegate for Tawas Township  Precinct 1 (REP),Keith Wojahn,Rep,Tawas Township Precinct 1,253
Precinct Delegate for Tawas Township  Precinct 1 (REP),Write-In (WRITE-IN),,Tawas Township Precinct 1,1
Tawas Township Proposition A,Yes,,Tawas Township Precinct 1,298
Tawas Township Proposition A,No,,Tawas Township Precinct 1,156
Tawas Township Proposition B,Yes,,Tawas Township Precinct 1,274
Tawas Township Proposition B,No,,Tawas Township Precinct 1,171
Precinct Delegate for Wilber Township  Precinct 1 (DEM),Write-In (WRITE-IN),,Wilber Township Precinct 1,32
Precinct Delegate for Wilber Township  Precinct 1 (REP),Write-In (WRITE-IN),,Wilber Township Precinct 1,71
Precinct Delegate for City of East Tawas  Precinct 1 (DEM),Jozef J. Drozdowski,Dem,City of East Tawas Precinct 1,188
Precinct Delegate for City of East Tawas  Precinct 1 (DEM),Write-In (WRITE-IN),,City of East Tawas Precinct 1,0
Precinct Delegate for City of East Tawas  Precinct 1 (REP),Brian J. Loeffler,Rep,City of East Tawas Precinct 1,352
Precinct Delegate for City of East Tawas  Precinct 1 (REP),Maureen H. Rudel,Rep,City of East Tawas Precinct 1,244
Precinct Delegate for City of East Tawas  Precinct 1 (REP),Write-In (WRITE-IN),,City of East Tawas Precinct 1,1
Proposal for City of East Tawas,Yes,,City of East Tawas Precinct 1,667
Proposal for City of East Tawas,No,,City of East Tawas Precinct 1,115
Precinct Delegate for City of Tawas City  Precinct 1 (DEM),Thomas E. Davidson  II,Dem,City of Tawas City Precinct 1,112
Precinct Delegate for City of Tawas City  Precinct 1 (DEM),Write-In (WRITE-IN),,City of Tawas City Precinct 1,1
Precinct Delegate for City of Tawas City  Precinct 1 (REP),Karen L. Holmes,Rep,City of Tawas City Precinct 1,208
Precinct Delegate for City of Tawas City  Precinct 1 (REP),Write-In (WRITE-IN),,City of Tawas City Precinct 1,3
Precinct Delegate for City of Whittemore  Precinct 1 (DEM),Write-In (WRITE-IN),,City of Whittemore Precinct 1,6
Precinct Delegate for City of Whittemore  Precinct 1 (REP),Write-In (WRITE-IN),,City of Whittemore Precinct 1,18
Proposal for City of Whittemore,Yes,,City of Whittemore Precinct 1,47
Proposal for City of Whittemore,No,,City of Whittemore Precinct 1,16
